pipeline,model,params,n_clusters,silhouette,davies_bouldin,valid,actual_cluster_count
raw+minmax,KMeans,"{'init': 'k-means++', 'max_iter': 300, 'n_clusters': 6, 'n_init': 10, 'tol': 0.001}",6,0.8468750118693446,0.8233982982431408,True,6
raw+minmax,KMeans,"{'init': 'k-means++', 'max_iter': 500, 'n_clusters': 6, 'n_init': 10, 'tol': 0.001}",6,0.8468750118693446,0.8233982982431408,True,6
raw+minmax,KMeans,"{'init': 'k-means++', 'max_iter': 300, 'n_clusters': 6, 'n_init': 10, 'tol': 0.0001}",6,0.846615081848691,0.8266610188328526,True,6
raw+minmax,KMeans,"{'init': 'k-means++', 'max_iter': 300, 'n_clusters': 6, 'n_init': 20, 'tol': 0.0001}",6,0.846615081848691,0.8266610188328526,True,6
raw+minmax,KMeans,"{'init': 'k-means++', 'max_iter': 500, 'n_clusters': 6, 'n_init': 10, 'tol': 0.0001}",6,0.846615081848691,0.8266610188328526,True,6
raw+minmax,KMeans,"{'init': 'k-means++', 'max_iter': 500, 'n_clusters': 6, 'n_init': 20, 'tol': 0.0001}",6,0.846615081848691,0.8266610188328526,True,6
raw+minmax,KMeans,"{'init': 'k-means++', 'max_iter': 300, 'n_clusters': 6, 'n_init': 20, 'tol': 0.001}",6,0.8465943681183529,0.827330855577057,True,6
raw+minmax,KMeans,"{'init': 'k-means++', 'max_iter': 500, 'n_clusters': 6, 'n_init': 20, 'tol': 0.001}",6,0.8465943681183529,0.827330855577057,True,6
raw+minmax,KMeans,"{'init': 'random', 'max_iter': 300, 'n_clusters': 6, 'n_init': 10, 'tol': 0.0001}",6,0.8451686554615427,0.8449328906074687,True,6
raw+minmax,KMeans,"{'init': 'random', 'max_iter': 300, 'n_clusters': 6, 'n_init': 20, 'tol': 0.0001}",6,0.8451686554615427,0.8449328906074687,True,6
raw+minmax,KMeans,"{'init': 'random', 'max_iter': 500, 'n_clusters': 6, 'n_init': 10, 'tol': 0.0001}",6,0.8451686554615427,0.8449328906074687,True,6
raw+minmax,KMeans,"{'init': 'random', 'max_iter': 500, 'n_clusters': 6, 'n_init': 20, 'tol': 0.0001}",6,0.8451686554615427,0.8449328906074687,True,6
raw+minmax,KMeans,"{'init': 'random', 'max_iter': 300, 'n_clusters': 6, 'n_init': 10, 'tol': 0.001}",6,0.8451593838228568,0.8448616778980279,True,6
raw+minmax,KMeans,"{'init': 'random', 'max_iter': 300, 'n_clusters': 6, 'n_init': 20, 'tol': 0.001}",6,0.8451593838228568,0.8448616778980279,True,6
raw+minmax,KMeans,"{'init': 'random', 'max_iter': 500, 'n_clusters': 6, 'n_init': 10, 'tol': 0.001}",6,0.8451593838228568,0.8448616778980279,True,6
raw+minmax,KMeans,"{'init': 'random', 'max_iter': 500, 'n_clusters': 6, 'n_init': 20, 'tol': 0.001}",6,0.8451593838228568,0.8448616778980279,True,6
raw+minmax,KMeans,"{'init': 'k-means++', 'max_iter': 300, 'n_clusters': 4, 'n_init': 10, 'tol': 0.0001}",4,0.8439853431668685,0.8390955573230762,True,4
raw+minmax,KMeans,"{'init': 'k-means++', 'max_iter': 300, 'n_clusters': 4, 'n_init': 20, 'tol': 0.0001}",4,0.8439853431668685,0.8390955573230762,True,4
raw+minmax,KMeans,"{'init': 'k-means++', 'max_iter': 500, 'n_clusters': 4, 'n_init': 10, 'tol': 0.0001}",4,0.8439853431668685,0.8390955573230762,True,4
raw+minmax,KMeans,"{'init': 'k-means++', 'max_iter': 500, 'n_clusters': 4, 'n_init': 20, 'tol': 0.0001}",4,0.8439853431668685,0.8390955573230762,True,4
raw+minmax,KMeans,"{'init': 'k-means++', 'max_iter': 300, 'n_clusters': 4, 'n_init': 10, 'tol': 0.001}",4,0.8439530368404516,0.83928205282857,True,4
raw+minmax,KMeans,"{'init': 'k-means++', 'max_iter': 300, 'n_clusters': 4, 'n_init': 20, 'tol': 0.001}",4,0.8439530368404516,0.83928205282857,True,4
raw+minmax,KMeans,"{'init': 'k-means++', 'max_iter': 500, 'n_clusters': 4, 'n_init': 10, 'tol': 0.001}",4,0.8439530368404516,0.83928205282857,True,4
raw+minmax,KMeans,"{'init': 'k-means++', 'max_iter': 500, 'n_clusters': 4, 'n_init': 20, 'tol': 0.001}",4,0.8439530368404516,0.83928205282857,True,4
raw+minmax,KMeans,"{'init': 'random', 'max_iter': 300, 'n_clusters': 4, 'n_init': 10, 'tol': 0.0001}",4,0.8439289421164332,0.835000012468214,True,4
raw+minmax,KMeans,"{'init': 'random', 'max_iter': 300, 'n_clusters': 4, 'n_init': 20, 'tol': 0.0001}",4,0.8439289421164332,0.835000012468214,True,4
raw+minmax,KMeans,"{'init': 'random', 'max_iter': 500, 'n_clusters': 4, 'n_init': 10, 'tol': 0.0001}",4,0.8439289421164332,0.835000012468214,True,4
raw+minmax,KMeans,"{'init': 'random', 'max_iter': 500, 'n_clusters': 4, 'n_init': 20, 'tol': 0.0001}",4,0.8439289421164332,0.835000012468214,True,4
raw+minmax,KMeans,"{'init': 'random', 'max_iter': 300, 'n_clusters': 4, 'n_init': 10, 'tol': 0.001}",4,0.8437902299064105,0.8328138897908703,True,4
raw+minmax,KMeans,"{'init': 'random', 'max_iter': 300, 'n_clusters': 4, 'n_init': 20, 'tol': 0.001}",4,0.8437902299064105,0.8328138897908703,True,4
raw+minmax,KMeans,"{'init': 'random', 'max_iter': 500, 'n_clusters': 4, 'n_init': 10, 'tol': 0.001}",4,0.8437902299064105,0.8328138897908703,True,4
raw+minmax,KMeans,"{'init': 'random', 'max_iter': 500, 'n_clusters': 4, 'n_init': 20, 'tol': 0.001}",4,0.8437902299064105,0.8328138897908703,True,4
raw+minmax,KMeans,"{'init': 'random', 'max_iter': 300, 'n_clusters': 5, 'n_init': 10, 'tol': 0.0001}",5,0.8414412366938847,0.9071667656123126,True,5
raw+minmax,KMeans,"{'init': 'random', 'max_iter': 300, 'n_clusters': 5, 'n_init': 20, 'tol': 0.0001}",5,0.8414412366938847,0.9071667656123126,True,5
raw+minmax,KMeans,"{'init': 'random', 'max_iter': 500, 'n_clusters': 5, 'n_init': 10, 'tol': 0.0001}",5,0.8414412366938847,0.9071667656123126,True,5
raw+minmax,KMeans,"{'init': 'random', 'max_iter': 500, 'n_clusters': 5, 'n_init': 20, 'tol': 0.0001}",5,0.8414412366938847,0.9071667656123126,True,5
raw+minmax,KMeans,"{'init': 'k-means++', 'max_iter': 300, 'n_clusters': 5, 'n_init': 20, 'tol': 0.001}",5,0.8413954805114908,0.9069077857263972,True,5
raw+minmax,KMeans,"{'init': 'k-means++', 'max_iter': 500, 'n_clusters': 5, 'n_init': 20, 'tol': 0.001}",5,0.8413954805114908,0.9069077857263972,True,5
raw+minmax,KMeans,"{'init': 'k-means++', 'max_iter': 300, 'n_clusters': 5, 'n_init': 10, 'tol': 0.0001}",5,0.8413286154126746,0.9074865988075729,True,5
raw+minmax,KMeans,"{'init': 'k-means++', 'max_iter': 500, 'n_clusters': 5, 'n_init': 10, 'tol': 0.0001}",5,0.8413286154126746,0.9074865988075729,True,5
raw+minmax,KMeans,"{'init': 'k-means++', 'max_iter': 300, 'n_clusters': 5, 'n_init': 10, 'tol': 0.001}",5,0.8413123349014973,0.9086166978537747,True,5
raw+minmax,KMeans,"{'init': 'k-means++', 'max_iter': 500, 'n_clusters': 5, 'n_init': 10, 'tol': 0.001}",5,0.8413123349014973,0.9086166978537747,True,5
raw+minmax,KMeans,"{'init': 'k-means++', 'max_iter': 300, 'n_clusters': 5, 'n_init': 20, 'tol': 0.0001}",5,0.8413068699581799,0.9079101104268184,True,5
raw+minmax,KMeans,"{'init': 'k-means++', 'max_iter': 500, 'n_clusters': 5, 'n_init': 20, 'tol': 0.0001}",5,0.8413068699581799,0.9079101104268184,True,5
raw+minmax,KMeans,"{'init': 'random', 'max_iter': 300, 'n_clusters': 5, 'n_init': 20, 'tol': 0.001}",5,0.8412176512797809,0.908214934518625,True,5
raw+minmax,KMeans,"{'init': 'random', 'max_iter': 500, 'n_clusters': 5, 'n_init': 20, 'tol': 0.001}",5,0.8412176512797809,0.908214934518625,True,5
raw+minmax,KMeans,"{'init': 'random', 'max_iter': 300, 'n_clusters': 5, 'n_init': 10, 'tol': 0.001}",5,0.8411759814717326,0.9085652898414933,True,5
raw+minmax,KMeans,"{'init': 'random', 'max_iter': 500, 'n_clusters': 5, 'n_init': 10, 'tol': 0.001}",5,0.8411759814717326,0.9085652898414933,True,5
raw+minmax,KMeans,"{'init': 'random', 'max_iter': 300, 'n_clusters': 3, 'n_init': 10, 'tol': 0.001}",3,0.8383852207458238,0.9338236012756692,True,3
raw+minmax,KMeans,"{'init': 'random', 'max_iter': 300, 'n_clusters': 3, 'n_init': 20, 'tol': 0.001}",3,0.8383852207458238,0.9338236012756692,True,3
raw+minmax,KMeans,"{'init': 'random', 'max_iter': 500, 'n_clusters': 3, 'n_init': 10, 'tol': 0.001}",3,0.8383852207458238,0.9338236012756692,True,3
raw+minmax,KMeans,"{'init': 'random', 'max_iter': 500, 'n_clusters': 3, 'n_init': 20, 'tol': 0.001}",3,0.8383852207458238,0.9338236012756692,True,3
raw+minmax,MiniBatchKMeans,"{'batch_size': 3072, 'init': 'k-means++', 'max_iter': 300, 'max_no_improvement': 10, 'n_clusters': 3, 'n_init': 20, 'tol': 0.001}",3,0.8383299675191451,0.930579988888456,True,3
raw+minmax,MiniBatchKMeans,"{'batch_size': 3072, 'init': 'k-means++', 'max_iter': 300, 'max_no_improvement': 20, 'n_clusters': 3, 'n_init': 20, 'tol': 0.001}",3,0.8383299675191451,0.930579988888456,True,3
raw+minmax,MiniBatchKMeans,"{'batch_size': 3072, 'init': 'k-means++', 'max_iter': 500, 'max_no_improvement': 10, 'n_clusters': 3, 'n_init': 20, 'tol': 0.001}",3,0.8383299675191451,0.930579988888456,True,3
raw+minmax,MiniBatchKMeans,"{'batch_size': 3072, 'init': 'k-means++', 'max_iter': 500, 'max_no_improvement': 20, 'n_clusters': 3, 'n_init': 20, 'tol': 0.001}",3,0.8383299675191451,0.930579988888456,True,3
raw+minmax,KMeans,"{'init': 'random', 'max_iter': 300, 'n_clusters': 3, 'n_init': 10, 'tol': 0.0001}",3,0.8383085302542378,0.9476099282779064,True,3
raw+minmax,KMeans,"{'init': 'random', 'max_iter': 300, 'n_clusters': 3, 'n_init': 20, 'tol': 0.0001}",3,0.8383085302542378,0.9476099282779064,True,3
raw+minmax,KMeans,"{'init': 'random', 'max_iter': 500, 'n_clusters': 3, 'n_init': 10, 'tol': 0.0001}",3,0.8383085302542378,0.9476099282779064,True,3
raw+minmax,KMeans,"{'init': 'random', 'max_iter': 500, 'n_clusters': 3, 'n_init': 20, 'tol': 0.0001}",3,0.8383085302542378,0.9476099282779064,True,3
raw+minmax,MiniBatchKMeans,"{'batch_size': 3072, 'init': 'k-means++', 'max_iter': 300, 'max_no_improvement': 10, 'n_clusters': 3, 'n_init': 10, 'tol': 0.0}",3,0.8382211038727598,0.9351286566638372,True,3
raw+minmax,MiniBatchKMeans,"{'batch_size': 3072, 'init': 'k-means++', 'max_iter': 500, 'max_no_improvement': 10, 'n_clusters': 3, 'n_init': 10, 'tol': 0.0}",3,0.8382211038727598,0.9351286566638372,True,3
raw+minmax,KMeans,"{'init': 'k-means++', 'max_iter': 300, 'n_clusters': 3, 'n_init': 10, 'tol': 0.001}",3,0.8382096607331552,0.9447061071804129,True,3
raw+minmax,KMeans,"{'init': 'k-means++', 'max_iter': 300, 'n_clusters': 3, 'n_init': 20, 'tol': 0.001}",3,0.8382096607331552,0.9447061071804129,True,3
raw+minmax,KMeans,"{'init': 'k-means++', 'max_iter': 500, 'n_clusters': 3, 'n_init': 10, 'tol': 0.001}",3,0.8382096607331552,0.9447061071804129,True,3
raw+minmax,KMeans,"{'init': 'k-means++', 'max_iter': 500, 'n_clusters': 3, 'n_init': 20, 'tol': 0.001}",3,0.8382096607331552,0.9447061071804129,True,3
raw+minmax,KMeans,"{'init': 'k-means++', 'max_iter': 300, 'n_clusters': 3, 'n_init': 10, 'tol': 0.0001}",3,0.8382095781627943,0.9450101448816507,True,3
raw+minmax,KMeans,"{'init': 'k-means++', 'max_iter': 300, 'n_clusters': 3, 'n_init': 20, 'tol': 0.0001}",3,0.8382095781627943,0.9450101448816507,True,3
raw+minmax,KMeans,"{'init': 'k-means++', 'max_iter': 500, 'n_clusters': 3, 'n_init': 10, 'tol': 0.0001}",3,0.8382095781627943,0.9450101448816507,True,3
raw+minmax,KMeans,"{'init': 'k-means++', 'max_iter': 500, 'n_clusters': 3, 'n_init': 20, 'tol': 0.0001}",3,0.8382095781627943,0.9450101448816507,True,3
raw+minmax,MiniBatchKMeans,"{'batch_size': 3072, 'init': 'k-means++', 'max_iter': 300, 'max_no_improvement': 10, 'n_clusters': 3, 'n_init': 10, 'tol': 0.001}",3,0.8381953845183903,0.9346649260268798,True,3
raw+minmax,MiniBatchKMeans,"{'batch_size': 3072, 'init': 'k-means++', 'max_iter': 300, 'max_no_improvement': 20, 'n_clusters': 3, 'n_init': 10, 'tol': 0.001}",3,0.8381953845183903,0.9346649260268798,True,3
raw+minmax,MiniBatchKMeans,"{'batch_size': 3072, 'init': 'k-means++', 'max_iter': 500, 'max_no_improvement': 10, 'n_clusters': 3, 'n_init': 10, 'tol': 0.001}",3,0.8381953845183903,0.9346649260268798,True,3
raw+minmax,MiniBatchKMeans,"{'batch_size': 3072, 'init': 'k-means++', 'max_iter': 500, 'max_no_improvement': 20, 'n_clusters': 3, 'n_init': 10, 'tol': 0.001}",3,0.8381953845183903,0.9346649260268798,True,3
raw+minmax,MiniBatchKMeans,"{'batch_size': 3072, 'init': 'k-means++', 'max_iter': 300, 'max_no_improvement': 20, 'n_clusters': 3, 'n_init': 10, 'tol': 0.0}",3,0.8381699335659217,0.9372849088695835,True,3
raw+minmax,MiniBatchKMeans,"{'batch_size': 3072, 'init': 'k-means++', 'max_iter': 500, 'max_no_improvement': 20, 'n_clusters': 3, 'n_init': 10, 'tol': 0.0}",3,0.8381699335659217,0.9372849088695835,True,3
raw+minmax,MiniBatchKMeans,"{'batch_size': 3072, 'init': 'random', 'max_iter': 300, 'max_no_improvement': 20, 'n_clusters': 3, 'n_init': 10, 'tol': 0.0}",3,0.8381219504927647,0.9460775646543195,True,3
raw+minmax,MiniBatchKMeans,"{'batch_size': 3072, 'init': 'random', 'max_iter': 500, 'max_no_improvement': 20, 'n_clusters': 3, 'n_init': 10, 'tol': 0.0}",3,0.8381219504927647,0.9460775646543195,True,3
raw+minmax,MiniBatchKMeans,"{'batch_size': 3072, 'init': 'random', 'max_iter': 300, 'max_no_improvement': 10, 'n_clusters': 3, 'n_init': 20, 'tol': 0.0}",3,0.8381014878121477,0.937755512213986,True,3
raw+minmax,MiniBatchKMeans,"{'batch_size': 3072, 'init': 'random', 'max_iter': 300, 'max_no_improvement': 20, 'n_clusters': 3, 'n_init': 20, 'tol': 0.0}",3,0.8381014878121477,0.937755512213986,True,3
raw+minmax,MiniBatchKMeans,"{'batch_size': 3072, 'init': 'random', 'max_iter': 500, 'max_no_improvement': 10, 'n_clusters': 3, 'n_init': 20, 'tol': 0.0}",3,0.8381014878121477,0.937755512213986,True,3
raw+minmax,MiniBatchKMeans,"{'batch_size': 3072, 'init': 'random', 'max_iter': 500, 'max_no_improvement': 20, 'n_clusters': 3, 'n_init': 20, 'tol': 0.0}",3,0.8381014878121477,0.937755512213986,True,3
raw+minmax,MiniBatchKMeans,"{'batch_size': 3072, 'init': 'random', 'max_iter': 300, 'max_no_improvement': 10, 'n_clusters': 3, 'n_init': 10, 'tol': 0.0}",3,0.8381010618406776,0.9492002825812764,True,3
raw+minmax,MiniBatchKMeans,"{'batch_size': 3072, 'init': 'random', 'max_iter': 500, 'max_no_improvement': 10, 'n_clusters': 3, 'n_init': 10, 'tol': 0.0}",3,0.8381010618406776,0.9492002825812764,True,3
raw+minmax,KMeans,"{'init': 'k-means++', 'max_iter': 300, 'n_clusters': 7, 'n_init': 10, 'tol': 0.001}",7,0.8380789523864947,0.8856284747229288,True,7
raw+minmax,KMeans,"{'init': 'k-means++', 'max_iter': 300, 'n_clusters': 7, 'n_init': 20, 'tol': 0.001}",7,0.8380789523864947,0.8856284747229288,True,7
raw+minmax,KMeans,"{'init': 'k-means++', 'max_iter': 500, 'n_clusters': 7, 'n_init': 10, 'tol': 0.001}",7,0.8380789523864947,0.8856284747229288,True,7
raw+minmax,KMeans,"{'init': 'k-means++', 'max_iter': 500, 'n_clusters': 7, 'n_init': 20, 'tol': 0.001}",7,0.8380789523864947,0.8856284747229288,True,7
raw+minmax,KMeans,"{'init': 'random', 'max_iter': 300, 'n_clusters': 7, 'n_init': 10, 'tol': 0.0001}",7,0.838070549290851,0.8876758041044436,True,7
raw+minmax,KMeans,"{'init': 'random', 'max_iter': 300, 'n_clusters': 7, 'n_init': 20, 'tol': 0.0001}",7,0.838070549290851,0.8876758041044436,True,7
raw+minmax,KMeans,"{'init': 'random', 'max_iter': 500, 'n_clusters': 7, 'n_init': 10, 'tol': 0.0001}",7,0.838070549290851,0.8876758041044436,True,7
raw+minmax,KMeans,"{'init': 'random', 'max_iter': 500, 'n_clusters': 7, 'n_init': 20, 'tol': 0.0001}",7,0.838070549290851,0.8876758041044436,True,7
raw+minmax,KMeans,"{'init': 'k-means++', 'max_iter': 300, 'n_clusters': 7, 'n_init': 10, 'tol': 0.0001}",7,0.838069684011901,0.8854448119671974,True,7
raw+minmax,KMeans,"{'init': 'k-means++', 'max_iter': 300, 'n_clusters': 7, 'n_init': 20, 'tol': 0.0001}",7,0.838069684011901,0.8854448119671974,True,7
raw+minmax,KMeans,"{'init': 'k-means++', 'max_iter': 500, 'n_clusters': 7, 'n_init': 10, 'tol': 0.0001}",7,0.838069684011901,0.8854448119671974,True,7
raw+minmax,KMeans,"{'init': 'k-means++', 'max_iter': 500, 'n_clusters': 7, 'n_init': 20, 'tol': 0.0001}",7,0.838069684011901,0.8854448119671974,True,7
raw+minmax,KMeans,"{'init': 'random', 'max_iter': 300, 'n_clusters': 7, 'n_init': 10, 'tol': 0.001}",7,0.8380426404259501,0.8878858096204836,True,7
raw+minmax,KMeans,"{'init': 'random', 'max_iter': 300, 'n_clusters': 7, 'n_init': 20, 'tol': 0.001}",7,0.8380426404259501,0.8878858096204836,True,7
raw+minmax,KMeans,"{'init': 'random', 'max_iter': 500, 'n_clusters': 7, 'n_init': 10, 'tol': 0.001}",7,0.8380426404259501,0.8878858096204836,True,7
raw+minmax,KMeans,"{'init': 'random', 'max_iter': 500, 'n_clusters': 7, 'n_init': 20, 'tol': 0.001}",7,0.8380426404259501,0.8878858096204836,True,7
raw+minmax,MiniBatchKMeans,"{'batch_size': 3072, 'init': 'random', 'max_iter': 300, 'max_no_improvement': 10, 'n_clusters': 3, 'n_init': 10, 'tol': 0.001}",3,0.8380032882613705,0.9503168844015367,True,3
raw+minmax,MiniBatchKMeans,"{'batch_size': 3072, 'init': 'random', 'max_iter': 300, 'max_no_improvement': 20, 'n_clusters': 3, 'n_init': 10, 'tol': 0.001}",3,0.8380032882613705,0.9503168844015367,True,3
raw+minmax,MiniBatchKMeans,"{'batch_size': 3072, 'init': 'random', 'max_iter': 500, 'max_no_improvement': 10, 'n_clusters': 3, 'n_init': 10, 'tol': 0.001}",3,0.8380032882613705,0.9503168844015367,True,3
raw+minmax,MiniBatchKMeans,"{'batch_size': 3072, 'init': 'random', 'max_iter': 500, 'max_no_improvement': 20, 'n_clusters': 3, 'n_init': 10, 'tol': 0.001}",3,0.8380032882613705,0.9503168844015367,True,3
raw+minmax,MiniBatchKMeans,"{'batch_size': 3072, 'init': 'k-means++', 'max_iter': 300, 'max_no_improvement': 10, 'n_clusters': 3, 'n_init': 20, 'tol': 0.0}",3,0.8379354518508513,0.9301143954555567,True,3
raw+minmax,MiniBatchKMeans,"{'batch_size': 3072, 'init': 'k-means++', 'max_iter': 500, 'max_no_improvement': 10, 'n_clusters': 3, 'n_init': 20, 'tol': 0.0}",3,0.8379354518508513,0.9301143954555567,True,3
raw+minmax,MiniBatchKMeans,"{'batch_size': 3072, 'init': 'k-means++', 'max_iter': 300, 'max_no_improvement': 20, 'n_clusters': 3, 'n_init': 20, 'tol': 0.0}",3,0.8379117593981567,0.9299361261338458,True,3
raw+minmax,MiniBatchKMeans,"{'batch_size': 3072, 'init': 'k-means++', 'max_iter': 500, 'max_no_improvement': 20, 'n_clusters': 3, 'n_init': 20, 'tol': 0.0}",3,0.8379117593981567,0.9299361261338458,True,3
raw+minmax,MiniBatchKMeans,"{'batch_size': 3072, 'init': 'random', 'max_iter': 300, 'max_no_improvement': 10, 'n_clusters': 3, 'n_init': 20, 'tol': 0.001}",3,0.8379082749259547,0.9367221340988827,True,3
raw+minmax,MiniBatchKMeans,"{'batch_size': 3072, 'init': 'random', 'max_iter': 300, 'max_no_improvement': 20, 'n_clusters': 3, 'n_init': 20, 'tol': 0.001}",3,0.8379082749259547,0.9367221340988827,True,3
raw+minmax,MiniBatchKMeans,"{'batch_size': 3072, 'init': 'random', 'max_iter': 500, 'max_no_improvement': 10, 'n_clusters': 3, 'n_init': 20, 'tol': 0.001}",3,0.8379082749259547,0.9367221340988827,True,3
raw+minmax,MiniBatchKMeans,"{'batch_size': 3072, 'init': 'random', 'max_iter': 500, 'max_no_improvement': 20, 'n_clusters': 3, 'n_init': 20, 'tol': 0.001}",3,0.8379082749259547,0.9367221340988827,True,3
raw+minmax,MiniBatchKMeans,"{'batch_size': 3072, 'init': 'k-means++', 'max_iter': 300, 'max_no_improvement': 20, 'n_clusters': 6, 'n_init': 10, 'tol': 0.001}",6,0.8364365709814822,1.147530390150594,True,6
raw+minmax,MiniBatchKMeans,"{'batch_size': 3072, 'init': 'k-means++', 'max_iter': 500, 'max_no_improvement': 20, 'n_clusters': 6, 'n_init': 10, 'tol': 0.001}",6,0.8364365709814822,1.147530390150594,True,6
raw+minmax,MiniBatchKMeans,"{'batch_size': 3072, 'init': 'k-means++', 'max_iter': 300, 'max_no_improvement': 20, 'n_clusters': 6, 'n_init': 20, 'tol': 0.0}",6,0.8363332663485333,1.1018391912500924,True,6
raw+minmax,MiniBatchKMeans,"{'batch_size': 3072, 'init': 'k-means++', 'max_iter': 500, 'max_no_improvement': 20, 'n_clusters': 6, 'n_init': 20, 'tol': 0.0}",6,0.8363332663485333,1.1018391912500924,True,6
raw+minmax,MiniBatchKMeans,"{'batch_size': 3072, 'init': 'k-means++', 'max_iter': 300, 'max_no_improvement': 20, 'n_clusters': 6, 'n_init': 10, 'tol': 0.0}",6,0.8363222124353106,1.1409523382733269,True,6
raw+minmax,MiniBatchKMeans,"{'batch_size': 3072, 'init': 'k-means++', 'max_iter': 500, 'max_no_improvement': 20, 'n_clusters': 6, 'n_init': 10, 'tol': 0.0}",6,0.8363222124353106,1.1409523382733269,True,6
raw+minmax,MiniBatchKMeans,"{'batch_size': 3072, 'init': 'k-means++', 'max_iter': 300, 'max_no_improvement': 10, 'n_clusters': 6, 'n_init': 20, 'tol': 0.0}",6,0.8360946670358259,1.104007855200605,True,6
raw+minmax,MiniBatchKMeans,"{'batch_size': 3072, 'init': 'k-means++', 'max_iter': 500, 'max_no_improvement': 10, 'n_clusters': 6, 'n_init': 20, 'tol': 0.0}",6,0.8360946670358259,1.104007855200605,True,6
raw+minmax,MiniBatchKMeans,"{'batch_size': 3072, 'init': 'k-means++', 'max_iter': 300, 'max_no_improvement': 10, 'n_clusters': 6, 'n_init': 20, 'tol': 0.001}",6,0.835884714902439,1.1052317561846676,True,6
raw+minmax,MiniBatchKMeans,"{'batch_size': 3072, 'init': 'k-means++', 'max_iter': 300, 'max_no_improvement': 20, 'n_clusters': 6, 'n_init': 20, 'tol': 0.001}",6,0.835884714902439,1.1052317561846676,True,6
raw+minmax,MiniBatchKMeans,"{'batch_size': 3072, 'init': 'k-means++', 'max_iter': 500, 'max_no_improvement': 10, 'n_clusters': 6, 'n_init': 20, 'tol': 0.001}",6,0.835884714902439,1.1052317561846676,True,6
raw+minmax,MiniBatchKMeans,"{'batch_size': 3072, 'init': 'k-means++', 'max_iter': 500, 'max_no_improvement': 20, 'n_clusters': 6, 'n_init': 20, 'tol': 0.001}",6,0.835884714902439,1.1052317561846676,True,6
raw+minmax,MiniBatchKMeans,"{'batch_size': 3072, 'init': 'k-means++', 'max_iter': 300, 'max_no_improvement': 10, 'n_clusters': 6, 'n_init': 10, 'tol': 0.0}",6,0.8358630904587901,1.151636721107927,True,6
raw+minmax,MiniBatchKMeans,"{'batch_size': 3072, 'init': 'k-means++', 'max_iter': 300, 'max_no_improvement': 10, 'n_clusters': 6, 'n_init': 10, 'tol': 0.001}",6,0.8358630904587901,1.151636721107927,True,6
raw+minmax,MiniBatchKMeans,"{'batch_size': 3072, 'init': 'k-means++', 'max_iter': 500, 'max_no_improvement': 10, 'n_clusters': 6, 'n_init': 10, 'tol': 0.0}",6,0.8358630904587901,1.151636721107927,True,6
raw+minmax,MiniBatchKMeans,"{'batch_size': 3072, 'init': 'k-means++', 'max_iter': 500, 'max_no_improvement': 10, 'n_clusters': 6, 'n_init': 10, 'tol': 0.001}",6,0.8358630904587901,1.151636721107927,True,6
raw+minmax,MiniBatchKMeans,"{'batch_size': 3072, 'init': 'random', 'max_iter': 300, 'max_no_improvement': 20, 'n_clusters': 4, 'n_init': 10, 'tol': 0.0}",4,0.8263030146943866,1.1508033380198257,True,4
raw+minmax,MiniBatchKMeans,"{'batch_size': 3072, 'init': 'random', 'max_iter': 500, 'max_no_improvement': 20, 'n_clusters': 4, 'n_init': 10, 'tol': 0.0}",4,0.8263030146943866,1.1508033380198257,True,4
raw+minmax,MiniBatchKMeans,"{'batch_size': 3072, 'init': 'random', 'max_iter': 300, 'max_no_improvement': 20, 'n_clusters': 4, 'n_init': 20, 'tol': 0.0}",4,0.8248148196331364,1.14919580863694,True,4
raw+minmax,MiniBatchKMeans,"{'batch_size': 3072, 'init': 'random', 'max_iter': 500, 'max_no_improvement': 20, 'n_clusters': 4, 'n_init': 20, 'tol': 0.0}",4,0.8248148196331364,1.14919580863694,True,4
raw+minmax,MiniBatchKMeans,"{'batch_size': 3072, 'init': 'random', 'max_iter': 300, 'max_no_improvement': 10, 'n_clusters': 4, 'n_init': 20, 'tol': 0.0}",4,0.8233301130361002,1.1588692930041689,True,4
raw+minmax,MiniBatchKMeans,"{'batch_size': 3072, 'init': 'random', 'max_iter': 300, 'max_no_improvement': 10, 'n_clusters': 4, 'n_init': 20, 'tol': 0.001}",4,0.8233301130361002,1.1588692930041689,True,4
raw+minmax,MiniBatchKMeans,"{'batch_size': 3072, 'init': 'random', 'max_iter': 300, 'max_no_improvement': 20, 'n_clusters': 4, 'n_init': 20, 'tol': 0.001}",4,0.8233301130361002,1.1588692930041689,True,4
raw+minmax,MiniBatchKMeans,"{'batch_size': 3072, 'init': 'random', 'max_iter': 500, 'max_no_improvement': 10, 'n_clusters': 4, 'n_init': 20, 'tol': 0.0}",4,0.8233301130361002,1.1588692930041689,True,4
raw+minmax,MiniBatchKMeans,"{'batch_size': 3072, 'init': 'random', 'max_iter': 500, 'max_no_improvement': 10, 'n_clusters': 4, 'n_init': 20, 'tol': 0.001}",4,0.8233301130361002,1.1588692930041689,True,4
raw+minmax,MiniBatchKMeans,"{'batch_size': 3072, 'init': 'random', 'max_iter': 500, 'max_no_improvement': 20, 'n_clusters': 4, 'n_init': 20, 'tol': 0.001}",4,0.8233301130361002,1.1588692930041689,True,4
raw+minmax,MiniBatchKMeans,"{'batch_size': 3072, 'init': 'k-means++', 'max_iter': 300, 'max_no_improvement': 20, 'n_clusters': 5, 'n_init': 20, 'tol': 0.0}",5,0.8232236228467678,1.153607890017996,True,5
raw+minmax,MiniBatchKMeans,"{'batch_size': 3072, 'init': 'k-means++', 'max_iter': 500, 'max_no_improvement': 20, 'n_clusters': 5, 'n_init': 20, 'tol': 0.0}",5,0.8232236228467678,1.153607890017996,True,5
raw+minmax,MiniBatchKMeans,"{'batch_size': 3072, 'init': 'random', 'max_iter': 300, 'max_no_improvement': 10, 'n_clusters': 4, 'n_init': 10, 'tol': 0.0}",4,0.8227087258840312,1.1523694151308768,True,4
raw+minmax,MiniBatchKMeans,"{'batch_size': 3072, 'init': 'random', 'max_iter': 500, 'max_no_improvement': 10, 'n_clusters': 4, 'n_init': 10, 'tol': 0.0}",4,0.8227087258840312,1.1523694151308768,True,4
raw+minmax,MiniBatchKMeans,"{'batch_size': 3072, 'init': 'random', 'max_iter': 300, 'max_no_improvement': 10, 'n_clusters': 4, 'n_init': 10, 'tol': 0.001}",4,0.8221910851192817,1.1504974621189525,True,4
raw+minmax,MiniBatchKMeans,"{'batch_size': 3072, 'init': 'random', 'max_iter': 300, 'max_no_improvement': 20, 'n_clusters': 4, 'n_init': 10, 'tol': 0.001}",4,0.8221910851192817,1.1504974621189525,True,4
raw+minmax,MiniBatchKMeans,"{'batch_size': 3072, 'init': 'random', 'max_iter': 500, 'max_no_improvement': 10, 'n_clusters': 4, 'n_init': 10, 'tol': 0.001}",4,0.8221910851192817,1.1504974621189525,True,4
raw+minmax,MiniBatchKMeans,"{'batch_size': 3072, 'init': 'random', 'max_iter': 500, 'max_no_improvement': 20, 'n_clusters': 4, 'n_init': 10, 'tol': 0.001}",4,0.8221910851192817,1.1504974621189525,True,4
raw+minmax,MiniBatchKMeans,"{'batch_size': 3072, 'init': 'k-means++', 'max_iter': 300, 'max_no_improvement': 10, 'n_clusters': 5, 'n_init': 20, 'tol': 0.0}",5,0.821416438752906,1.1531643099222417,True,5
raw+minmax,MiniBatchKMeans,"{'batch_size': 3072, 'init': 'k-means++', 'max_iter': 500, 'max_no_improvement': 10, 'n_clusters': 5, 'n_init': 20, 'tol': 0.0}",5,0.821416438752906,1.1531643099222417,True,5
raw+minmax,MiniBatchKMeans,"{'batch_size': 3072, 'init': 'k-means++', 'max_iter': 300, 'max_no_improvement': 20, 'n_clusters': 5, 'n_init': 10, 'tol': 0.0}",5,0.821003109214227,1.0997721988948348,True,5
raw+minmax,MiniBatchKMeans,"{'batch_size': 3072, 'init': 'k-means++', 'max_iter': 500, 'max_no_improvement': 20, 'n_clusters': 5, 'n_init': 10, 'tol': 0.0}",5,0.821003109214227,1.0997721988948348,True,5
raw+minmax,MiniBatchKMeans,"{'batch_size': 3072, 'init': 'k-means++', 'max_iter': 300, 'max_no_improvement': 20, 'n_clusters': 5, 'n_init': 10, 'tol': 0.001}",5,0.8200574317944471,1.0985523290344446,True,5
raw+minmax,MiniBatchKMeans,"{'batch_size': 3072, 'init': 'k-means++', 'max_iter': 500, 'max_no_improvement': 20, 'n_clusters': 5, 'n_init': 10, 'tol': 0.001}",5,0.8200574317944471,1.0985523290344446,True,5
raw+minmax,MiniBatchKMeans,"{'batch_size': 3072, 'init': 'k-means++', 'max_iter': 300, 'max_no_improvement': 10, 'n_clusters': 5, 'n_init': 20, 'tol': 0.001}",5,0.8199408662720715,1.1492501202629477,True,5
raw+minmax,MiniBatchKMeans,"{'batch_size': 3072, 'init': 'k-means++', 'max_iter': 300, 'max_no_improvement': 20, 'n_clusters': 5, 'n_init': 20, 'tol': 0.001}",5,0.8199408662720715,1.1492501202629477,True,5
raw+minmax,MiniBatchKMeans,"{'batch_size': 3072, 'init': 'k-means++', 'max_iter': 500, 'max_no_improvement': 10, 'n_clusters': 5, 'n_init': 20, 'tol': 0.001}",5,0.8199408662720715,1.1492501202629477,True,5
raw+minmax,MiniBatchKMeans,"{'batch_size': 3072, 'init': 'k-means++', 'max_iter': 500, 'max_no_improvement': 20, 'n_clusters': 5, 'n_init': 20, 'tol': 0.001}",5,0.8199408662720715,1.1492501202629477,True,5
raw+minmax,MiniBatchKMeans,"{'batch_size': 3072, 'init': 'k-means++', 'max_iter': 300, 'max_no_improvement': 20, 'n_clusters': 4, 'n_init': 20, 'tol': 0.0}",4,0.8197686068298712,1.119172866607868,True,4
raw+minmax,MiniBatchKMeans,"{'batch_size': 3072, 'init': 'k-means++', 'max_iter': 500, 'max_no_improvement': 20, 'n_clusters': 4, 'n_init': 20, 'tol': 0.0}",4,0.8197686068298712,1.119172866607868,True,4
raw+minmax,MiniBatchKMeans,"{'batch_size': 3072, 'init': 'k-means++', 'max_iter': 300, 'max_no_improvement': 10, 'n_clusters': 4, 'n_init': 20, 'tol': 0.0}",4,0.8193641832457548,1.1177632481772004,True,4
raw+minmax,MiniBatchKMeans,"{'batch_size': 3072, 'init': 'k-means++', 'max_iter': 500, 'max_no_improvement': 10, 'n_clusters': 4, 'n_init': 20, 'tol': 0.0}",4,0.8193641832457548,1.1177632481772004,True,4
raw+minmax,MiniBatchKMeans,"{'batch_size': 3072, 'init': 'k-means++', 'max_iter': 300, 'max_no_improvement': 20, 'n_clusters': 4, 'n_init': 10, 'tol': 0.0}",4,0.8181288945233307,1.117491280713245,True,4
raw+minmax,MiniBatchKMeans,"{'batch_size': 3072, 'init': 'k-means++', 'max_iter': 500, 'max_no_improvement': 20, 'n_clusters': 4, 'n_init': 10, 'tol': 0.0}",4,0.8181288945233307,1.117491280713245,True,4
raw+minmax,MiniBatchKMeans,"{'batch_size': 3072, 'init': 'k-means++', 'max_iter': 300, 'max_no_improvement': 10, 'n_clusters': 5, 'n_init': 10, 'tol': 0.0}",5,0.8178309985691049,1.1006540866845191,True,5
raw+minmax,MiniBatchKMeans,"{'batch_size': 3072, 'init': 'k-means++', 'max_iter': 300, 'max_no_improvement': 10, 'n_clusters': 5, 'n_init': 10, 'tol': 0.001}",5,0.8178309985691049,1.1006540866845191,True,5
raw+minmax,MiniBatchKMeans,"{'batch_size': 3072, 'init': 'k-means++', 'max_iter': 500, 'max_no_improvement': 10, 'n_clusters': 5, 'n_init': 10, 'tol': 0.0}",5,0.8178309985691049,1.1006540866845191,True,5
raw+minmax,MiniBatchKMeans,"{'batch_size': 3072, 'init': 'k-means++', 'max_iter': 500, 'max_no_improvement': 10, 'n_clusters': 5, 'n_init': 10, 'tol': 0.001}",5,0.8178309985691049,1.1006540866845191,True,5
raw+minmax,MiniBatchKMeans,"{'batch_size': 3072, 'init': 'k-means++', 'max_iter': 300, 'max_no_improvement': 20, 'n_clusters': 4, 'n_init': 10, 'tol': 0.001}",4,0.8173293187633682,1.1168255451540754,True,4
raw+minmax,MiniBatchKMeans,"{'batch_size': 3072, 'init': 'k-means++', 'max_iter': 500, 'max_no_improvement': 20, 'n_clusters': 4, 'n_init': 10, 'tol': 0.001}",4,0.8173293187633682,1.1168255451540754,True,4
raw+minmax,MiniBatchKMeans,"{'batch_size': 3072, 'init': 'k-means++', 'max_iter': 300, 'max_no_improvement': 10, 'n_clusters': 4, 'n_init': 20, 'tol': 0.001}",4,0.8168486173582158,1.1176403496629135,True,4
raw+minmax,MiniBatchKMeans,"{'batch_size': 3072, 'init': 'k-means++', 'max_iter': 300, 'max_no_improvement': 20, 'n_clusters': 4, 'n_init': 20, 'tol': 0.001}",4,0.8168486173582158,1.1176403496629135,True,4
raw+minmax,MiniBatchKMeans,"{'batch_size': 3072, 'init': 'k-means++', 'max_iter': 500, 'max_no_improvement': 10, 'n_clusters': 4, 'n_init': 20, 'tol': 0.001}",4,0.8168486173582158,1.1176403496629135,True,4
raw+minmax,MiniBatchKMeans,"{'batch_size': 3072, 'init': 'k-means++', 'max_iter': 500, 'max_no_improvement': 20, 'n_clusters': 4, 'n_init': 20, 'tol': 0.001}",4,0.8168486173582158,1.1176403496629135,True,4
raw+minmax,MiniBatchKMeans,"{'batch_size': 3072, 'init': 'k-means++', 'max_iter': 300, 'max_no_improvement': 10, 'n_clusters': 4, 'n_init': 10, 'tol': 0.0}",4,0.8149745777494242,1.1157202139757436,True,4
raw+minmax,MiniBatchKMeans,"{'batch_size': 3072, 'init': 'k-means++', 'max_iter': 300, 'max_no_improvement': 10, 'n_clusters': 4, 'n_init': 10, 'tol': 0.001}",4,0.8149745777494242,1.1157202139757436,True,4
raw+minmax,MiniBatchKMeans,"{'batch_size': 3072, 'init': 'k-means++', 'max_iter': 500, 'max_no_improvement': 10, 'n_clusters': 4, 'n_init': 10, 'tol': 0.0}",4,0.8149745777494242,1.1157202139757436,True,4
raw+minmax,MiniBatchKMeans,"{'batch_size': 3072, 'init': 'k-means++', 'max_iter': 500, 'max_no_improvement': 10, 'n_clusters': 4, 'n_init': 10, 'tol': 0.001}",4,0.8149745777494242,1.1157202139757436,True,4
raw+minmax,MiniBatchKMeans,"{'batch_size': 3072, 'init': 'k-means++', 'max_iter': 300, 'max_no_improvement': 20, 'n_clusters': 7, 'n_init': 20, 'tol': 0.0}",7,0.811609524827222,1.2204881035025712,True,7
raw+minmax,MiniBatchKMeans,"{'batch_size': 3072, 'init': 'k-means++', 'max_iter': 500, 'max_no_improvement': 20, 'n_clusters': 7, 'n_init': 20, 'tol': 0.0}",7,0.811609524827222,1.2204881035025712,True,7
raw+minmax,MiniBatchKMeans,"{'batch_size': 3072, 'init': 'k-means++', 'max_iter': 300, 'max_no_improvement': 20, 'n_clusters': 7, 'n_init': 10, 'tol': 0.0}",7,0.8114735732474141,1.2042013960805842,True,7
raw+minmax,MiniBatchKMeans,"{'batch_size': 3072, 'init': 'k-means++', 'max_iter': 300, 'max_no_improvement': 20, 'n_clusters': 7, 'n_init': 10, 'tol': 0.001}",7,0.8114735732474141,1.2042013960805842,True,7
raw+minmax,MiniBatchKMeans,"{'batch_size': 3072, 'init': 'k-means++', 'max_iter': 500, 'max_no_improvement': 20, 'n_clusters': 7, 'n_init': 10, 'tol': 0.0}",7,0.8114735732474141,1.2042013960805842,True,7
raw+minmax,MiniBatchKMeans,"{'batch_size': 3072, 'init': 'k-means++', 'max_iter': 500, 'max_no_improvement': 20, 'n_clusters': 7, 'n_init': 10, 'tol': 0.001}",7,0.8114735732474141,1.2042013960805842,True,7
raw+minmax,MiniBatchKMeans,"{'batch_size': 3072, 'init': 'k-means++', 'max_iter': 300, 'max_no_improvement': 10, 'n_clusters': 7, 'n_init': 20, 'tol': 0.0}",7,0.8095870881432979,1.2097224381922822,True,7
raw+minmax,MiniBatchKMeans,"{'batch_size': 3072, 'init': 'k-means++', 'max_iter': 500, 'max_no_improvement': 10, 'n_clusters': 7, 'n_init': 20, 'tol': 0.0}",7,0.8095870881432979,1.2097224381922822,True,7
raw+minmax,MiniBatchKMeans,"{'batch_size': 3072, 'init': 'k-means++', 'max_iter': 300, 'max_no_improvement': 10, 'n_clusters': 7, 'n_init': 20, 'tol': 0.001}",7,0.8042747116246696,1.1911948197385753,True,7
raw+minmax,MiniBatchKMeans,"{'batch_size': 3072, 'init': 'k-means++', 'max_iter': 300, 'max_no_improvement': 20, 'n_clusters': 7, 'n_init': 20, 'tol': 0.001}",7,0.8042747116246696,1.1911948197385753,True,7
raw+minmax,MiniBatchKMeans,"{'batch_size': 3072, 'init': 'k-means++', 'max_iter': 500, 'max_no_improvement': 10, 'n_clusters': 7, 'n_init': 20, 'tol': 0.001}",7,0.8042747116246696,1.1911948197385753,True,7
raw+minmax,MiniBatchKMeans,"{'batch_size': 3072, 'init': 'k-means++', 'max_iter': 500, 'max_no_improvement': 20, 'n_clusters': 7, 'n_init': 20, 'tol': 0.001}",7,0.8042747116246696,1.1911948197385753,True,7
raw+minmax,MiniBatchKMeans,"{'batch_size': 3072, 'init': 'k-means++', 'max_iter': 300, 'max_no_improvement': 10, 'n_clusters': 7, 'n_init': 10, 'tol': 0.0}",7,0.8008849108851329,1.206086531222825,True,7
raw+minmax,MiniBatchKMeans,"{'batch_size': 3072, 'init': 'k-means++', 'max_iter': 300, 'max_no_improvement': 10, 'n_clusters': 7, 'n_init': 10, 'tol': 0.001}",7,0.8008849108851329,1.206086531222825,True,7
raw+minmax,MiniBatchKMeans,"{'batch_size': 3072, 'init': 'k-means++', 'max_iter': 500, 'max_no_improvement': 10, 'n_clusters': 7, 'n_init': 10, 'tol': 0.0}",7,0.8008849108851329,1.206086531222825,True,7
raw+minmax,MiniBatchKMeans,"{'batch_size': 3072, 'init': 'k-means++', 'max_iter': 500, 'max_no_improvement': 10, 'n_clusters': 7, 'n_init': 10, 'tol': 0.001}",7,0.8008849108851329,1.206086531222825,True,7
raw+minmax,MiniBatchKMeans,"{'batch_size': 3072, 'init': 'random', 'max_iter': 300, 'max_no_improvement': 20, 'n_clusters': 7, 'n_init': 10, 'tol': 0.0}",7,0.7436430433823936,1.1589418919031995,True,7
raw+minmax,MiniBatchKMeans,"{'batch_size': 3072, 'init': 'random', 'max_iter': 500, 'max_no_improvement': 20, 'n_clusters': 7, 'n_init': 10, 'tol': 0.0}",7,0.7436430433823936,1.1589418919031995,True,7
raw+minmax,MiniBatchKMeans,"{'batch_size': 3072, 'init': 'random', 'max_iter': 300, 'max_no_improvement': 20, 'n_clusters': 5, 'n_init': 10, 'tol': 0.0}",5,0.713264816865346,1.1167644616858332,True,5
raw+minmax,MiniBatchKMeans,"{'batch_size': 3072, 'init': 'random', 'max_iter': 500, 'max_no_improvement': 20, 'n_clusters': 5, 'n_init': 10, 'tol': 0.0}",5,0.713264816865346,1.1167644616858332,True,5
raw+minmax,MiniBatchKMeans,"{'batch_size': 3072, 'init': 'random', 'max_iter': 300, 'max_no_improvement': 20, 'n_clusters': 5, 'n_init': 20, 'tol': 0.0}",5,0.7015937911854263,1.102648721451219,True,5
raw+minmax,MiniBatchKMeans,"{'batch_size': 3072, 'init': 'random', 'max_iter': 500, 'max_no_improvement': 20, 'n_clusters': 5, 'n_init': 20, 'tol': 0.0}",5,0.7015937911854263,1.102648721451219,True,5
raw+minmax,MiniBatchKMeans,"{'batch_size': 3072, 'init': 'random', 'max_iter': 300, 'max_no_improvement': 20, 'n_clusters': 5, 'n_init': 10, 'tol': 0.001}",5,0.6985173391344496,1.1180688391528872,True,5
raw+minmax,MiniBatchKMeans,"{'batch_size': 3072, 'init': 'random', 'max_iter': 500, 'max_no_improvement': 20, 'n_clusters': 5, 'n_init': 10, 'tol': 0.001}",5,0.6985173391344496,1.1180688391528872,True,5
raw+minmax,MiniBatchKMeans,"{'batch_size': 3072, 'init': 'random', 'max_iter': 300, 'max_no_improvement': 20, 'n_clusters': 7, 'n_init': 10, 'tol': 0.001}",7,0.6961152888411939,1.1556436495898699,True,7
raw+minmax,MiniBatchKMeans,"{'batch_size': 3072, 'init': 'random', 'max_iter': 500, 'max_no_improvement': 20, 'n_clusters': 7, 'n_init': 10, 'tol': 0.001}",7,0.6961152888411939,1.1556436495898699,True,7
raw+minmax,MiniBatchKMeans,"{'batch_size': 3072, 'init': 'random', 'max_iter': 300, 'max_no_improvement': 10, 'n_clusters': 5, 'n_init': 20, 'tol': 0.0}",5,0.6778072442742621,1.1023130880920367,True,5
raw+minmax,MiniBatchKMeans,"{'batch_size': 3072, 'init': 'random', 'max_iter': 500, 'max_no_improvement': 10, 'n_clusters': 5, 'n_init': 20, 'tol': 0.0}",5,0.6778072442742621,1.1023130880920367,True,5
raw+minmax,MiniBatchKMeans,"{'batch_size': 3072, 'init': 'random', 'max_iter': 300, 'max_no_improvement': 10, 'n_clusters': 7, 'n_init': 10, 'tol': 0.0}",7,0.6774638132133641,1.1472174947646672,True,7
raw+minmax,MiniBatchKMeans,"{'batch_size': 3072, 'init': 'random', 'max_iter': 300, 'max_no_improvement': 10, 'n_clusters': 7, 'n_init': 10, 'tol': 0.001}",7,0.6774638132133641,1.1472174947646672,True,7
raw+minmax,MiniBatchKMeans,"{'batch_size': 3072, 'init': 'random', 'max_iter': 500, 'max_no_improvement': 10, 'n_clusters': 7, 'n_init': 10, 'tol': 0.0}",7,0.6774638132133641,1.1472174947646672,True,7
raw+minmax,MiniBatchKMeans,"{'batch_size': 3072, 'init': 'random', 'max_iter': 500, 'max_no_improvement': 10, 'n_clusters': 7, 'n_init': 10, 'tol': 0.001}",7,0.6774638132133641,1.1472174947646672,True,7
raw+minmax,MiniBatchKMeans,"{'batch_size': 3072, 'init': 'random', 'max_iter': 300, 'max_no_improvement': 10, 'n_clusters': 5, 'n_init': 10, 'tol': 0.0}",5,0.6502800744957445,1.1292416732129549,True,5
raw+minmax,MiniBatchKMeans,"{'batch_size': 3072, 'init': 'random', 'max_iter': 300, 'max_no_improvement': 10, 'n_clusters': 5, 'n_init': 10, 'tol': 0.001}",5,0.6502800744957445,1.1292416732129549,True,5
raw+minmax,MiniBatchKMeans,"{'batch_size': 3072, 'init': 'random', 'max_iter': 500, 'max_no_improvement': 10, 'n_clusters': 5, 'n_init': 10, 'tol': 0.0}",5,0.6502800744957445,1.1292416732129549,True,5
raw+minmax,MiniBatchKMeans,"{'batch_size': 3072, 'init': 'random', 'max_iter': 500, 'max_no_improvement': 10, 'n_clusters': 5, 'n_init': 10, 'tol': 0.001}",5,0.6502800744957445,1.1292416732129549,True,5
raw+minmax,MiniBatchKMeans,"{'batch_size': 3072, 'init': 'random', 'max_iter': 300, 'max_no_improvement': 10, 'n_clusters': 5, 'n_init': 20, 'tol': 0.001}",5,0.6127899143915533,1.1080892221646053,True,5
raw+minmax,MiniBatchKMeans,"{'batch_size': 3072, 'init': 'random', 'max_iter': 300, 'max_no_improvement': 20, 'n_clusters': 5, 'n_init': 20, 'tol': 0.001}",5,0.6127899143915533,1.1080892221646053,True,5
raw+minmax,MiniBatchKMeans,"{'batch_size': 3072, 'init': 'random', 'max_iter': 500, 'max_no_improvement': 10, 'n_clusters': 5, 'n_init': 20, 'tol': 0.001}",5,0.6127899143915533,1.1080892221646053,True,5
raw+minmax,MiniBatchKMeans,"{'batch_size': 3072, 'init': 'random', 'max_iter': 500, 'max_no_improvement': 20, 'n_clusters': 5, 'n_init': 20, 'tol': 0.001}",5,0.6127899143915533,1.1080892221646053,True,5
raw+minmax,MiniBatchKMeans,"{'batch_size': 3072, 'init': 'random', 'max_iter': 300, 'max_no_improvement': 10, 'n_clusters': 7, 'n_init': 20, 'tol': 0.0}",7,0.3803603781106387,1.1858184810132089,True,7
raw+minmax,MiniBatchKMeans,"{'batch_size': 3072, 'init': 'random', 'max_iter': 500, 'max_no_improvement': 10, 'n_clusters': 7, 'n_init': 20, 'tol': 0.0}",7,0.3803603781106387,1.1858184810132089,True,7
raw+minmax,MiniBatchKMeans,"{'batch_size': 3072, 'init': 'random', 'max_iter': 300, 'max_no_improvement': 20, 'n_clusters': 7, 'n_init': 20, 'tol': 0.0}",7,0.37520983236799976,1.1832031657581674,True,7
raw+minmax,MiniBatchKMeans,"{'batch_size': 3072, 'init': 'random', 'max_iter': 500, 'max_no_improvement': 20, 'n_clusters': 7, 'n_init': 20, 'tol': 0.0}",7,0.37520983236799976,1.1832031657581674,True,7
raw+minmax,MiniBatchKMeans,"{'batch_size': 3072, 'init': 'random', 'max_iter': 300, 'max_no_improvement': 20, 'n_clusters': 6, 'n_init': 10, 'tol': 0.001}",6,0.3739736067530111,1.099150433012756,True,6
raw+minmax,MiniBatchKMeans,"{'batch_size': 3072, 'init': 'random', 'max_iter': 500, 'max_no_improvement': 20, 'n_clusters': 6, 'n_init': 10, 'tol': 0.001}",6,0.3739736067530111,1.099150433012756,True,6
raw+minmax,MiniBatchKMeans,"{'batch_size': 3072, 'init': 'random', 'max_iter': 300, 'max_no_improvement': 20, 'n_clusters': 6, 'n_init': 10, 'tol': 0.0}",6,0.36965029305608543,1.0910048659634868,True,6
raw+minmax,MiniBatchKMeans,"{'batch_size': 3072, 'init': 'random', 'max_iter': 500, 'max_no_improvement': 20, 'n_clusters': 6, 'n_init': 10, 'tol': 0.0}",6,0.36965029305608543,1.0910048659634868,True,6
raw+minmax,MiniBatchKMeans,"{'batch_size': 3072, 'init': 'random', 'max_iter': 300, 'max_no_improvement': 20, 'n_clusters': 6, 'n_init': 20, 'tol': 0.0}",6,0.3638642628869515,1.085524553191532,True,6
raw+minmax,MiniBatchKMeans,"{'batch_size': 3072, 'init': 'random', 'max_iter': 500, 'max_no_improvement': 20, 'n_clusters': 6, 'n_init': 20, 'tol': 0.0}",6,0.3638642628869515,1.085524553191532,True,6
raw+minmax,MiniBatchKMeans,"{'batch_size': 3072, 'init': 'random', 'max_iter': 300, 'max_no_improvement': 10, 'n_clusters': 6, 'n_init': 10, 'tol': 0.0}",6,0.21935979240684852,1.1058345838241663,True,6
raw+minmax,MiniBatchKMeans,"{'batch_size': 3072, 'init': 'random', 'max_iter': 300, 'max_no_improvement': 10, 'n_clusters': 6, 'n_init': 10, 'tol': 0.001}",6,0.21935979240684852,1.1058345838241663,True,6
raw+minmax,MiniBatchKMeans,"{'batch_size': 3072, 'init': 'random', 'max_iter': 500, 'max_no_improvement': 10, 'n_clusters': 6, 'n_init': 10, 'tol': 0.0}",6,0.21935979240684852,1.1058345838241663,True,6
raw+minmax,MiniBatchKMeans,"{'batch_size': 3072, 'init': 'random', 'max_iter': 500, 'max_no_improvement': 10, 'n_clusters': 6, 'n_init': 10, 'tol': 0.001}",6,0.21935979240684852,1.1058345838241663,True,6
raw+minmax,MiniBatchKMeans,"{'batch_size': 3072, 'init': 'random', 'max_iter': 300, 'max_no_improvement': 10, 'n_clusters': 7, 'n_init': 20, 'tol': 0.001}",7,0.2177316172994114,1.1900242576521385,True,7
raw+minmax,MiniBatchKMeans,"{'batch_size': 3072, 'init': 'random', 'max_iter': 300, 'max_no_improvement': 20, 'n_clusters': 7, 'n_init': 20, 'tol': 0.001}",7,0.2177316172994114,1.1900242576521385,True,7
raw+minmax,MiniBatchKMeans,"{'batch_size': 3072, 'init': 'random', 'max_iter': 500, 'max_no_improvement': 10, 'n_clusters': 7, 'n_init': 20, 'tol': 0.001}",7,0.2177316172994114,1.1900242576521385,True,7
raw+minmax,MiniBatchKMeans,"{'batch_size': 3072, 'init': 'random', 'max_iter': 500, 'max_no_improvement': 20, 'n_clusters': 7, 'n_init': 20, 'tol': 0.001}",7,0.2177316172994114,1.1900242576521385,True,7
raw+minmax,MiniBatchKMeans,"{'batch_size': 3072, 'init': 'random', 'max_iter': 300, 'max_no_improvement': 10, 'n_clusters': 6, 'n_init': 20, 'tol': 0.0}",6,0.20384886979657416,1.0917860027141104,True,6
raw+minmax,MiniBatchKMeans,"{'batch_size': 3072, 'init': 'random', 'max_iter': 300, 'max_no_improvement': 10, 'n_clusters': 6, 'n_init': 20, 'tol': 0.001}",6,0.20384886979657416,1.0917860027141104,True,6
raw+minmax,MiniBatchKMeans,"{'batch_size': 3072, 'init': 'random', 'max_iter': 500, 'max_no_improvement': 10, 'n_clusters': 6, 'n_init': 20, 'tol': 0.0}",6,0.20384886979657416,1.0917860027141104,True,6
raw+minmax,MiniBatchKMeans,"{'batch_size': 3072, 'init': 'random', 'max_iter': 500, 'max_no_improvement': 10, 'n_clusters': 6, 'n_init': 20, 'tol': 0.001}",6,0.20384886979657416,1.0917860027141104,True,6
raw+minmax,MiniBatchKMeans,"{'batch_size': 3072, 'init': 'random', 'max_iter': 300, 'max_no_improvement': 20, 'n_clusters': 6, 'n_init': 20, 'tol': 0.001}",6,0.19961755737720632,1.088053870489972,True,6
raw+minmax,MiniBatchKMeans,"{'batch_size': 3072, 'init': 'random', 'max_iter': 500, 'max_no_improvement': 20, 'n_clusters': 6, 'n_init': 20, 'tol': 0.001}",6,0.19961755737720632,1.088053870489972,True,6
raw+robust,KMeans,"{'init': 'k-means++', 'max_iter': 300, 'n_clusters': 3, 'n_init': 10, 'tol': 0.0001}",3,0.8760010358574408,0.48758156164342825,True,3
raw+robust,KMeans,"{'init': 'k-means++', 'max_iter': 300, 'n_clusters': 3, 'n_init': 10, 'tol': 0.001}",3,0.8760010358574408,0.48758156164342825,True,3
raw+robust,KMeans,"{'init': 'k-means++', 'max_iter': 300, 'n_clusters': 3, 'n_init': 20, 'tol': 0.0001}",3,0.8760010358574408,0.48758156164342825,True,3
raw+robust,KMeans,"{'init': 'k-means++', 'max_iter': 300, 'n_clusters': 3, 'n_init': 20, 'tol': 0.001}",3,0.8760010358574408,0.48758156164342825,True,3
raw+robust,KMeans,"{'init': 'k-means++', 'max_iter': 500, 'n_clusters': 3, 'n_init': 10, 'tol': 0.0001}",3,0.8760010358574408,0.48758156164342825,True,3
raw+robust,KMeans,"{'init': 'k-means++', 'max_iter': 500, 'n_clusters': 3, 'n_init': 10, 'tol': 0.001}",3,0.8760010358574408,0.48758156164342825,True,3
raw+robust,KMeans,"{'init': 'k-means++', 'max_iter': 500, 'n_clusters': 3, 'n_init': 20, 'tol': 0.0001}",3,0.8760010358574408,0.48758156164342825,True,3
raw+robust,KMeans,"{'init': 'k-means++', 'max_iter': 500, 'n_clusters': 3, 'n_init': 20, 'tol': 0.001}",3,0.8760010358574408,0.48758156164342825,True,3
raw+robust,KMeans,"{'init': 'random', 'max_iter': 300, 'n_clusters': 3, 'n_init': 10, 'tol': 0.0001}",3,0.8760010358574408,0.48758156164342825,True,3
raw+robust,KMeans,"{'init': 'random', 'max_iter': 300, 'n_clusters': 3, 'n_init': 10, 'tol': 0.001}",3,0.8760010358574408,0.48758156164342825,True,3
raw+robust,KMeans,"{'init': 'random', 'max_iter': 300, 'n_clusters': 3, 'n_init': 20, 'tol': 0.0001}",3,0.8760010358574408,0.48758156164342825,True,3
raw+robust,KMeans,"{'init': 'random', 'max_iter': 300, 'n_clusters': 3, 'n_init': 20, 'tol': 0.001}",3,0.8760010358574408,0.48758156164342825,True,3
raw+robust,KMeans,"{'init': 'random', 'max_iter': 500, 'n_clusters': 3, 'n_init': 10, 'tol': 0.0001}",3,0.8760010358574408,0.48758156164342825,True,3
raw+robust,KMeans,"{'init': 'random', 'max_iter': 500, 'n_clusters': 3, 'n_init': 10, 'tol': 0.001}",3,0.8760010358574408,0.48758156164342825,True,3
raw+robust,KMeans,"{'init': 'random', 'max_iter': 500, 'n_clusters': 3, 'n_init': 20, 'tol': 0.0001}",3,0.8760010358574408,0.48758156164342825,True,3
raw+robust,KMeans,"{'init': 'random', 'max_iter': 500, 'n_clusters': 3, 'n_init': 20, 'tol': 0.001}",3,0.8760010358574408,0.48758156164342825,True,3
raw+robust,KMeans,"{'init': 'k-means++', 'max_iter': 300, 'n_clusters': 7, 'n_init': 10, 'tol': 0.001}",7,0.8523486208984866,0.7784021151113983,True,7
raw+robust,KMeans,"{'init': 'k-means++', 'max_iter': 500, 'n_clusters': 7, 'n_init': 10, 'tol': 0.001}",7,0.8523486208984866,0.7784021151113983,True,7
raw+robust,KMeans,"{'init': 'k-means++', 'max_iter': 300, 'n_clusters': 7, 'n_init': 10, 'tol': 0.0001}",7,0.8523467902286437,0.7782707480544768,True,7
raw+robust,KMeans,"{'init': 'k-means++', 'max_iter': 500, 'n_clusters': 7, 'n_init': 10, 'tol': 0.0001}",7,0.8523467902286437,0.7782707480544768,True,7
raw+robust,KMeans,"{'init': 'k-means++', 'max_iter': 300, 'n_clusters': 6, 'n_init': 10, 'tol': 0.0001}",6,0.8522929984301406,0.5957516741726722,True,6
raw+robust,KMeans,"{'init': 'k-means++', 'max_iter': 500, 'n_clusters': 6, 'n_init': 10, 'tol': 0.0001}",6,0.8522929984301406,0.5957516741726722,True,6
raw+robust,KMeans,"{'init': 'k-means++', 'max_iter': 300, 'n_clusters': 6, 'n_init': 10, 'tol': 0.001}",6,0.852290680999676,0.5956038779297974,True,6
raw+robust,KMeans,"{'init': 'k-means++', 'max_iter': 500, 'n_clusters': 6, 'n_init': 10, 'tol': 0.001}",6,0.852290680999676,0.5956038779297974,True,6
raw+robust,KMeans,"{'init': 'k-means++', 'max_iter': 300, 'n_clusters': 6, 'n_init': 20, 'tol': 0.0001}",6,0.8517177102312635,0.5940144236541834,True,6
raw+robust,KMeans,"{'init': 'k-means++', 'max_iter': 300, 'n_clusters': 6, 'n_init': 20, 'tol': 0.001}",6,0.8517177102312635,0.5940144236541834,True,6
raw+robust,KMeans,"{'init': 'k-means++', 'max_iter': 500, 'n_clusters': 6, 'n_init': 20, 'tol': 0.0001}",6,0.8517177102312635,0.5940144236541834,True,6
raw+robust,KMeans,"{'init': 'k-means++', 'max_iter': 500, 'n_clusters': 6, 'n_init': 20, 'tol': 0.001}",6,0.8517177102312635,0.5940144236541834,True,6
raw+robust,KMeans,"{'init': 'random', 'max_iter': 300, 'n_clusters': 5, 'n_init': 10, 'tol': 0.001}",5,0.8498015976721556,0.5973546477569468,True,5
raw+robust,KMeans,"{'init': 'random', 'max_iter': 300, 'n_clusters': 5, 'n_init': 20, 'tol': 0.001}",5,0.8498015976721556,0.5973546477569468,True,5
raw+robust,KMeans,"{'init': 'random', 'max_iter': 500, 'n_clusters': 5, 'n_init': 10, 'tol': 0.001}",5,0.8498015976721556,0.5973546477569468,True,5
raw+robust,KMeans,"{'init': 'random', 'max_iter': 500, 'n_clusters': 5, 'n_init': 20, 'tol': 0.001}",5,0.8498015976721556,0.5973546477569468,True,5
raw+robust,KMeans,"{'init': 'random', 'max_iter': 300, 'n_clusters': 5, 'n_init': 10, 'tol': 0.0001}",5,0.8496988476117214,0.5973015123579536,True,5
raw+robust,KMeans,"{'init': 'random', 'max_iter': 300, 'n_clusters': 5, 'n_init': 20, 'tol': 0.0001}",5,0.8496988476117214,0.5973015123579536,True,5
raw+robust,KMeans,"{'init': 'random', 'max_iter': 500, 'n_clusters': 5, 'n_init': 10, 'tol': 0.0001}",5,0.8496988476117214,0.5973015123579536,True,5
raw+robust,KMeans,"{'init': 'random', 'max_iter': 500, 'n_clusters': 5, 'n_init': 20, 'tol': 0.0001}",5,0.8496988476117214,0.5973015123579536,True,5
raw+robust,KMeans,"{'init': 'k-means++', 'max_iter': 300, 'n_clusters': 5, 'n_init': 10, 'tol': 0.0001}",5,0.8476678821822069,0.5869041364746164,True,5
raw+robust,KMeans,"{'init': 'k-means++', 'max_iter': 300, 'n_clusters': 5, 'n_init': 10, 'tol': 0.001}",5,0.8476678821822069,0.5869041364746164,True,5
raw+robust,KMeans,"{'init': 'k-means++', 'max_iter': 300, 'n_clusters': 5, 'n_init': 20, 'tol': 0.0001}",5,0.8476678821822069,0.5869041364746164,True,5
raw+robust,KMeans,"{'init': 'k-means++', 'max_iter': 300, 'n_clusters': 5, 'n_init': 20, 'tol': 0.001}",5,0.8476678821822069,0.5869041364746164,True,5
raw+robust,KMeans,"{'init': 'k-means++', 'max_iter': 500, 'n_clusters': 5, 'n_init': 10, 'tol': 0.0001}",5,0.8476678821822069,0.5869041364746164,True,5
raw+robust,KMeans,"{'init': 'k-means++', 'max_iter': 500, 'n_clusters': 5, 'n_init': 10, 'tol': 0.001}",5,0.8476678821822069,0.5869041364746164,True,5
raw+robust,KMeans,"{'init': 'k-means++', 'max_iter': 500, 'n_clusters': 5, 'n_init': 20, 'tol': 0.0001}",5,0.8476678821822069,0.5869041364746164,True,5
raw+robust,KMeans,"{'init': 'k-means++', 'max_iter': 500, 'n_clusters': 5, 'n_init': 20, 'tol': 0.001}",5,0.8476678821822069,0.5869041364746164,True,5
raw+robust,KMeans,"{'init': 'k-means++', 'max_iter': 300, 'n_clusters': 7, 'n_init': 20, 'tol': 0.001}",7,0.8468224493086586,0.5869028623575673,True,7
raw+robust,KMeans,"{'init': 'k-means++', 'max_iter': 500, 'n_clusters': 7, 'n_init': 20, 'tol': 0.001}",7,0.8468224493086586,0.5869028623575673,True,7
raw+robust,KMeans,"{'init': 'random', 'max_iter': 300, 'n_clusters': 4, 'n_init': 10, 'tol': 0.0001}",4,0.8467941927417566,0.4961645480192658,True,4
raw+robust,KMeans,"{'init': 'random', 'max_iter': 300, 'n_clusters': 4, 'n_init': 10, 'tol': 0.001}",4,0.8467941927417566,0.4961645480192658,True,4
raw+robust,KMeans,"{'init': 'random', 'max_iter': 300, 'n_clusters': 4, 'n_init': 20, 'tol': 0.0001}",4,0.8467941927417566,0.4961645480192658,True,4
raw+robust,KMeans,"{'init': 'random', 'max_iter': 300, 'n_clusters': 4, 'n_init': 20, 'tol': 0.001}",4,0.8467941927417566,0.4961645480192658,True,4
raw+robust,KMeans,"{'init': 'random', 'max_iter': 500, 'n_clusters': 4, 'n_init': 10, 'tol': 0.0001}",4,0.8467941927417566,0.4961645480192658,True,4
raw+robust,KMeans,"{'init': 'random', 'max_iter': 500, 'n_clusters': 4, 'n_init': 10, 'tol': 0.001}",4,0.8467941927417566,0.4961645480192658,True,4
raw+robust,KMeans,"{'init': 'random', 'max_iter': 500, 'n_clusters': 4, 'n_init': 20, 'tol': 0.0001}",4,0.8467941927417566,0.4961645480192658,True,4
raw+robust,KMeans,"{'init': 'random', 'max_iter': 500, 'n_clusters': 4, 'n_init': 20, 'tol': 0.001}",4,0.8467941927417566,0.4961645480192658,True,4
raw+robust,KMeans,"{'init': 'random', 'max_iter': 300, 'n_clusters': 6, 'n_init': 10, 'tol': 0.0001}",6,0.8467921528205901,0.6073614646434375,True,6
raw+robust,KMeans,"{'init': 'random', 'max_iter': 300, 'n_clusters': 6, 'n_init': 20, 'tol': 0.0001}",6,0.8467921528205901,0.6073614646434375,True,6
raw+robust,KMeans,"{'init': 'random', 'max_iter': 500, 'n_clusters': 6, 'n_init': 10, 'tol': 0.0001}",6,0.8467921528205901,0.6073614646434375,True,6
raw+robust,KMeans,"{'init': 'random', 'max_iter': 500, 'n_clusters': 6, 'n_init': 20, 'tol': 0.0001}",6,0.8467921528205901,0.6073614646434375,True,6
raw+robust,KMeans,"{'init': 'k-means++', 'max_iter': 300, 'n_clusters': 7, 'n_init': 20, 'tol': 0.0001}",7,0.8467732625141303,0.5874770205038071,True,7
raw+robust,KMeans,"{'init': 'k-means++', 'max_iter': 500, 'n_clusters': 7, 'n_init': 20, 'tol': 0.0001}",7,0.8467732625141303,0.5874770205038071,True,7
raw+robust,MiniBatchKMeans,"{'batch_size': 3072, 'init': 'random', 'max_iter': 300, 'max_no_improvement': 20, 'n_clusters': 6, 'n_init': 20, 'tol': 0.0}",6,0.846529132344744,0.7605301764393092,True,6
raw+robust,MiniBatchKMeans,"{'batch_size': 3072, 'init': 'random', 'max_iter': 500, 'max_no_improvement': 20, 'n_clusters': 6, 'n_init': 20, 'tol': 0.0}",6,0.846529132344744,0.7605301764393092,True,6
raw+robust,KMeans,"{'init': 'random', 'max_iter': 300, 'n_clusters': 6, 'n_init': 10, 'tol': 0.001}",6,0.8462835782971101,0.6054435324306389,True,6
raw+robust,KMeans,"{'init': 'random', 'max_iter': 300, 'n_clusters': 6, 'n_init': 20, 'tol': 0.001}",6,0.8462835782971101,0.6054435324306389,True,6
raw+robust,KMeans,"{'init': 'random', 'max_iter': 500, 'n_clusters': 6, 'n_init': 10, 'tol': 0.001}",6,0.8462835782971101,0.6054435324306389,True,6
raw+robust,KMeans,"{'init': 'random', 'max_iter': 500, 'n_clusters': 6, 'n_init': 20, 'tol': 0.001}",6,0.8462835782971101,0.6054435324306389,True,6
raw+robust,MiniBatchKMeans,"{'batch_size': 3072, 'init': 'random', 'max_iter': 300, 'max_no_improvement': 20, 'n_clusters': 6, 'n_init': 20, 'tol': 0.001}",6,0.8458120782956667,0.7962345968562654,True,6
raw+robust,MiniBatchKMeans,"{'batch_size': 3072, 'init': 'random', 'max_iter': 500, 'max_no_improvement': 20, 'n_clusters': 6, 'n_init': 20, 'tol': 0.001}",6,0.8458120782956667,0.7962345968562654,True,6
raw+robust,KMeans,"{'init': 'k-means++', 'max_iter': 300, 'n_clusters': 4, 'n_init': 10, 'tol': 0.0001}",4,0.8445147038200383,0.5004286541306273,True,4
raw+robust,KMeans,"{'init': 'k-means++', 'max_iter': 300, 'n_clusters': 4, 'n_init': 20, 'tol': 0.0001}",4,0.8445147038200383,0.5004286541306273,True,4
raw+robust,KMeans,"{'init': 'k-means++', 'max_iter': 500, 'n_clusters': 4, 'n_init': 10, 'tol': 0.0001}",4,0.8445147038200383,0.5004286541306273,True,4
raw+robust,KMeans,"{'init': 'k-means++', 'max_iter': 500, 'n_clusters': 4, 'n_init': 20, 'tol': 0.0001}",4,0.8445147038200383,0.5004286541306273,True,4
raw+robust,KMeans,"{'init': 'k-means++', 'max_iter': 300, 'n_clusters': 4, 'n_init': 10, 'tol': 0.001}",4,0.8443156810614342,0.5006239747342013,True,4
raw+robust,KMeans,"{'init': 'k-means++', 'max_iter': 300, 'n_clusters': 4, 'n_init': 20, 'tol': 0.001}",4,0.8443156810614342,0.5006239747342013,True,4
raw+robust,KMeans,"{'init': 'k-means++', 'max_iter': 500, 'n_clusters': 4, 'n_init': 10, 'tol': 0.001}",4,0.8443156810614342,0.5006239747342013,True,4
raw+robust,KMeans,"{'init': 'k-means++', 'max_iter': 500, 'n_clusters': 4, 'n_init': 20, 'tol': 0.001}",4,0.8443156810614342,0.5006239747342013,True,4
raw+robust,MiniBatchKMeans,"{'batch_size': 3072, 'init': 'random', 'max_iter': 300, 'max_no_improvement': 10, 'n_clusters': 6, 'n_init': 20, 'tol': 0.0}",6,0.8442149121255631,0.8430815993057005,True,6
raw+robust,MiniBatchKMeans,"{'batch_size': 3072, 'init': 'random', 'max_iter': 300, 'max_no_improvement': 10, 'n_clusters': 6, 'n_init': 20, 'tol': 0.001}",6,0.8442149121255631,0.8430815993057005,True,6
raw+robust,MiniBatchKMeans,"{'batch_size': 3072, 'init': 'random', 'max_iter': 500, 'max_no_improvement': 10, 'n_clusters': 6, 'n_init': 20, 'tol': 0.0}",6,0.8442149121255631,0.8430815993057005,True,6
raw+robust,MiniBatchKMeans,"{'batch_size': 3072, 'init': 'random', 'max_iter': 500, 'max_no_improvement': 10, 'n_clusters': 6, 'n_init': 20, 'tol': 0.001}",6,0.8442149121255631,0.8430815993057005,True,6
raw+robust,KMeans,"{'init': 'random', 'max_iter': 300, 'n_clusters': 7, 'n_init': 10, 'tol': 0.0001}",7,0.8416809591897263,0.6040572889950944,True,7
raw+robust,KMeans,"{'init': 'random', 'max_iter': 300, 'n_clusters': 7, 'n_init': 20, 'tol': 0.0001}",7,0.8416809591897263,0.6040572889950944,True,7
raw+robust,KMeans,"{'init': 'random', 'max_iter': 500, 'n_clusters': 7, 'n_init': 10, 'tol': 0.0001}",7,0.8416809591897263,0.6040572889950944,True,7
raw+robust,KMeans,"{'init': 'random', 'max_iter': 500, 'n_clusters': 7, 'n_init': 20, 'tol': 0.0001}",7,0.8416809591897263,0.6040572889950944,True,7
raw+robust,KMeans,"{'init': 'random', 'max_iter': 300, 'n_clusters': 7, 'n_init': 10, 'tol': 0.001}",7,0.841658388371586,0.6041255319325918,True,7
raw+robust,KMeans,"{'init': 'random', 'max_iter': 300, 'n_clusters': 7, 'n_init': 20, 'tol': 0.001}",7,0.841658388371586,0.6041255319325918,True,7
raw+robust,KMeans,"{'init': 'random', 'max_iter': 500, 'n_clusters': 7, 'n_init': 10, 'tol': 0.001}",7,0.841658388371586,0.6041255319325918,True,7
raw+robust,KMeans,"{'init': 'random', 'max_iter': 500, 'n_clusters': 7, 'n_init': 20, 'tol': 0.001}",7,0.841658388371586,0.6041255319325918,True,7
raw+robust,MiniBatchKMeans,"{'batch_size': 3072, 'init': 'random', 'max_iter': 300, 'max_no_improvement': 20, 'n_clusters': 4, 'n_init': 20, 'tol': 0.0}",4,0.8308639041292727,0.8699941470226724,True,4
raw+robust,MiniBatchKMeans,"{'batch_size': 3072, 'init': 'random', 'max_iter': 500, 'max_no_improvement': 20, 'n_clusters': 4, 'n_init': 20, 'tol': 0.0}",4,0.8308639041292727,0.8699941470226724,True,4
raw+robust,MiniBatchKMeans,"{'batch_size': 3072, 'init': 'random', 'max_iter': 300, 'max_no_improvement': 20, 'n_clusters': 4, 'n_init': 20, 'tol': 0.001}",4,0.8278219043127251,0.8786356667854359,True,4
raw+robust,MiniBatchKMeans,"{'batch_size': 3072, 'init': 'random', 'max_iter': 500, 'max_no_improvement': 20, 'n_clusters': 4, 'n_init': 20, 'tol': 0.001}",4,0.8278219043127251,0.8786356667854359,True,4
raw+robust,MiniBatchKMeans,"{'batch_size': 3072, 'init': 'random', 'max_iter': 300, 'max_no_improvement': 10, 'n_clusters': 4, 'n_init': 20, 'tol': 0.0}",4,0.8261319656314954,0.882321737902433,True,4
raw+robust,MiniBatchKMeans,"{'batch_size': 3072, 'init': 'random', 'max_iter': 300, 'max_no_improvement': 10, 'n_clusters': 4, 'n_init': 20, 'tol': 0.001}",4,0.8261319656314954,0.882321737902433,True,4
raw+robust,MiniBatchKMeans,"{'batch_size': 3072, 'init': 'random', 'max_iter': 500, 'max_no_improvement': 10, 'n_clusters': 4, 'n_init': 20, 'tol': 0.0}",4,0.8261319656314954,0.882321737902433,True,4
raw+robust,MiniBatchKMeans,"{'batch_size': 3072, 'init': 'random', 'max_iter': 500, 'max_no_improvement': 10, 'n_clusters': 4, 'n_init': 20, 'tol': 0.001}",4,0.8261319656314954,0.882321737902433,True,4
raw+robust,MiniBatchKMeans,"{'batch_size': 3072, 'init': 'random', 'max_iter': 300, 'max_no_improvement': 20, 'n_clusters': 4, 'n_init': 10, 'tol': 0.0}",4,0.8234494123544858,0.882549909010998,True,4
raw+robust,MiniBatchKMeans,"{'batch_size': 3072, 'init': 'random', 'max_iter': 300, 'max_no_improvement': 20, 'n_clusters': 4, 'n_init': 10, 'tol': 0.001}",4,0.8234494123544858,0.882549909010998,True,4
raw+robust,MiniBatchKMeans,"{'batch_size': 3072, 'init': 'random', 'max_iter': 500, 'max_no_improvement': 20, 'n_clusters': 4, 'n_init': 10, 'tol': 0.0}",4,0.8234494123544858,0.882549909010998,True,4
raw+robust,MiniBatchKMeans,"{'batch_size': 3072, 'init': 'random', 'max_iter': 500, 'max_no_improvement': 20, 'n_clusters': 4, 'n_init': 10, 'tol': 0.001}",4,0.8234494123544858,0.882549909010998,True,4
raw+robust,MiniBatchKMeans,"{'batch_size': 3072, 'init': 'random', 'max_iter': 300, 'max_no_improvement': 10, 'n_clusters': 4, 'n_init': 10, 'tol': 0.0}",4,0.8221947155623079,0.8852651804059507,True,4
raw+robust,MiniBatchKMeans,"{'batch_size': 3072, 'init': 'random', 'max_iter': 300, 'max_no_improvement': 10, 'n_clusters': 4, 'n_init': 10, 'tol': 0.001}",4,0.8221947155623079,0.8852651804059507,True,4
raw+robust,MiniBatchKMeans,"{'batch_size': 3072, 'init': 'random', 'max_iter': 500, 'max_no_improvement': 10, 'n_clusters': 4, 'n_init': 10, 'tol': 0.0}",4,0.8221947155623079,0.8852651804059507,True,4
raw+robust,MiniBatchKMeans,"{'batch_size': 3072, 'init': 'random', 'max_iter': 500, 'max_no_improvement': 10, 'n_clusters': 4, 'n_init': 10, 'tol': 0.001}",4,0.8221947155623079,0.8852651804059507,True,4
raw+robust,MiniBatchKMeans,"{'batch_size': 3072, 'init': 'k-means++', 'max_iter': 300, 'max_no_improvement': 20, 'n_clusters': 5, 'n_init': 20, 'tol': 0.0}",5,0.819118793040041,0.8666186236824244,True,5
raw+robust,MiniBatchKMeans,"{'batch_size': 3072, 'init': 'k-means++', 'max_iter': 500, 'max_no_improvement': 20, 'n_clusters': 5, 'n_init': 20, 'tol': 0.0}",5,0.819118793040041,0.8666186236824244,True,5
raw+robust,MiniBatchKMeans,"{'batch_size': 3072, 'init': 'k-means++', 'max_iter': 300, 'max_no_improvement': 20, 'n_clusters': 5, 'n_init': 20, 'tol': 0.001}",5,0.8187570637300055,0.8619733947660159,True,5
raw+robust,MiniBatchKMeans,"{'batch_size': 3072, 'init': 'k-means++', 'max_iter': 500, 'max_no_improvement': 20, 'n_clusters': 5, 'n_init': 20, 'tol': 0.001}",5,0.8187570637300055,0.8619733947660159,True,5
raw+robust,MiniBatchKMeans,"{'batch_size': 3072, 'init': 'k-means++', 'max_iter': 300, 'max_no_improvement': 10, 'n_clusters': 5, 'n_init': 20, 'tol': 0.0}",5,0.81824040394651,0.8611669617294062,True,5
raw+robust,MiniBatchKMeans,"{'batch_size': 3072, 'init': 'k-means++', 'max_iter': 300, 'max_no_improvement': 10, 'n_clusters': 5, 'n_init': 20, 'tol': 0.001}",5,0.81824040394651,0.8611669617294062,True,5
raw+robust,MiniBatchKMeans,"{'batch_size': 3072, 'init': 'k-means++', 'max_iter': 500, 'max_no_improvement': 10, 'n_clusters': 5, 'n_init': 20, 'tol': 0.0}",5,0.81824040394651,0.8611669617294062,True,5
raw+robust,MiniBatchKMeans,"{'batch_size': 3072, 'init': 'k-means++', 'max_iter': 500, 'max_no_improvement': 10, 'n_clusters': 5, 'n_init': 20, 'tol': 0.001}",5,0.81824040394651,0.8611669617294062,True,5
raw+robust,MiniBatchKMeans,"{'batch_size': 3072, 'init': 'k-means++', 'max_iter': 300, 'max_no_improvement': 20, 'n_clusters': 5, 'n_init': 10, 'tol': 0.0}",5,0.8175540836090155,0.8647715238065625,True,5
raw+robust,MiniBatchKMeans,"{'batch_size': 3072, 'init': 'k-means++', 'max_iter': 300, 'max_no_improvement': 20, 'n_clusters': 5, 'n_init': 10, 'tol': 0.001}",5,0.8175540836090155,0.8647715238065625,True,5
raw+robust,MiniBatchKMeans,"{'batch_size': 3072, 'init': 'k-means++', 'max_iter': 500, 'max_no_improvement': 20, 'n_clusters': 5, 'n_init': 10, 'tol': 0.0}",5,0.8175540836090155,0.8647715238065625,True,5
raw+robust,MiniBatchKMeans,"{'batch_size': 3072, 'init': 'k-means++', 'max_iter': 500, 'max_no_improvement': 20, 'n_clusters': 5, 'n_init': 10, 'tol': 0.001}",5,0.8175540836090155,0.8647715238065625,True,5
raw+robust,MiniBatchKMeans,"{'batch_size': 3072, 'init': 'k-means++', 'max_iter': 300, 'max_no_improvement': 20, 'n_clusters': 6, 'n_init': 10, 'tol': 0.0}",6,0.8171716855372347,0.8720623293285706,True,6
raw+robust,MiniBatchKMeans,"{'batch_size': 3072, 'init': 'k-means++', 'max_iter': 300, 'max_no_improvement': 20, 'n_clusters': 6, 'n_init': 10, 'tol': 0.001}",6,0.8171716855372347,0.8720623293285706,True,6
raw+robust,MiniBatchKMeans,"{'batch_size': 3072, 'init': 'k-means++', 'max_iter': 500, 'max_no_improvement': 20, 'n_clusters': 6, 'n_init': 10, 'tol': 0.0}",6,0.8171716855372347,0.8720623293285706,True,6
raw+robust,MiniBatchKMeans,"{'batch_size': 3072, 'init': 'k-means++', 'max_iter': 500, 'max_no_improvement': 20, 'n_clusters': 6, 'n_init': 10, 'tol': 0.001}",6,0.8171716855372347,0.8720623293285706,True,6
raw+robust,MiniBatchKMeans,"{'batch_size': 3072, 'init': 'k-means++', 'max_iter': 300, 'max_no_improvement': 20, 'n_clusters': 3, 'n_init': 10, 'tol': 0.001}",3,0.8170306980264893,0.9378160488248932,True,3
raw+robust,MiniBatchKMeans,"{'batch_size': 3072, 'init': 'k-means++', 'max_iter': 500, 'max_no_improvement': 20, 'n_clusters': 3, 'n_init': 10, 'tol': 0.001}",3,0.8170306980264893,0.9378160488248932,True,3
raw+robust,MiniBatchKMeans,"{'batch_size': 3072, 'init': 'k-means++', 'max_iter': 300, 'max_no_improvement': 10, 'n_clusters': 3, 'n_init': 10, 'tol': 0.0}",3,0.8170032063014564,0.9404354503840909,True,3
raw+robust,MiniBatchKMeans,"{'batch_size': 3072, 'init': 'k-means++', 'max_iter': 300, 'max_no_improvement': 10, 'n_clusters': 3, 'n_init': 10, 'tol': 0.001}",3,0.8170032063014564,0.9404354503840909,True,3
raw+robust,MiniBatchKMeans,"{'batch_size': 3072, 'init': 'k-means++', 'max_iter': 500, 'max_no_improvement': 10, 'n_clusters': 3, 'n_init': 10, 'tol': 0.0}",3,0.8170032063014564,0.9404354503840909,True,3
raw+robust,MiniBatchKMeans,"{'batch_size': 3072, 'init': 'k-means++', 'max_iter': 500, 'max_no_improvement': 10, 'n_clusters': 3, 'n_init': 10, 'tol': 0.001}",3,0.8170032063014564,0.9404354503840909,True,3
raw+robust,MiniBatchKMeans,"{'batch_size': 3072, 'init': 'k-means++', 'max_iter': 300, 'max_no_improvement': 20, 'n_clusters': 3, 'n_init': 10, 'tol': 0.0}",3,0.8169383803525142,0.9375292630470747,True,3
raw+robust,MiniBatchKMeans,"{'batch_size': 3072, 'init': 'k-means++', 'max_iter': 500, 'max_no_improvement': 20, 'n_clusters': 3, 'n_init': 10, 'tol': 0.0}",3,0.8169383803525142,0.9375292630470747,True,3
raw+robust,MiniBatchKMeans,"{'batch_size': 3072, 'init': 'random', 'max_iter': 300, 'max_no_improvement': 20, 'n_clusters': 3, 'n_init': 10, 'tol': 0.0}",3,0.8158712678102873,0.939171877549056,True,3
raw+robust,MiniBatchKMeans,"{'batch_size': 3072, 'init': 'random', 'max_iter': 500, 'max_no_improvement': 20, 'n_clusters': 3, 'n_init': 10, 'tol': 0.0}",3,0.8158712678102873,0.939171877549056,True,3
raw+robust,MiniBatchKMeans,"{'batch_size': 3072, 'init': 'random', 'max_iter': 300, 'max_no_improvement': 10, 'n_clusters': 3, 'n_init': 10, 'tol': 0.0}",3,0.8157235859345068,0.9461121768081444,True,3
raw+robust,MiniBatchKMeans,"{'batch_size': 3072, 'init': 'random', 'max_iter': 500, 'max_no_improvement': 10, 'n_clusters': 3, 'n_init': 10, 'tol': 0.0}",3,0.8157235859345068,0.9461121768081444,True,3
raw+robust,MiniBatchKMeans,"{'batch_size': 3072, 'init': 'random', 'max_iter': 300, 'max_no_improvement': 20, 'n_clusters': 3, 'n_init': 20, 'tol': 0.0}",3,0.8156804528063033,0.9507866311151357,True,3
raw+robust,MiniBatchKMeans,"{'batch_size': 3072, 'init': 'random', 'max_iter': 500, 'max_no_improvement': 20, 'n_clusters': 3, 'n_init': 20, 'tol': 0.0}",3,0.8156804528063033,0.9507866311151357,True,3
raw+robust,MiniBatchKMeans,"{'batch_size': 3072, 'init': 'random', 'max_iter': 300, 'max_no_improvement': 10, 'n_clusters': 3, 'n_init': 20, 'tol': 0.0}",3,0.8150720818346445,0.9526959736880706,True,3
raw+robust,MiniBatchKMeans,"{'batch_size': 3072, 'init': 'random', 'max_iter': 500, 'max_no_improvement': 10, 'n_clusters': 3, 'n_init': 20, 'tol': 0.0}",3,0.8150720818346445,0.9526959736880706,True,3
raw+robust,MiniBatchKMeans,"{'batch_size': 3072, 'init': 'random', 'max_iter': 300, 'max_no_improvement': 10, 'n_clusters': 3, 'n_init': 20, 'tol': 0.001}",3,0.8145864293279177,0.9583229270978135,True,3
raw+robust,MiniBatchKMeans,"{'batch_size': 3072, 'init': 'random', 'max_iter': 300, 'max_no_improvement': 20, 'n_clusters': 3, 'n_init': 20, 'tol': 0.001}",3,0.8145864293279177,0.9583229270978135,True,3
raw+robust,MiniBatchKMeans,"{'batch_size': 3072, 'init': 'random', 'max_iter': 500, 'max_no_improvement': 10, 'n_clusters': 3, 'n_init': 20, 'tol': 0.001}",3,0.8145864293279177,0.9583229270978135,True,3
raw+robust,MiniBatchKMeans,"{'batch_size': 3072, 'init': 'random', 'max_iter': 500, 'max_no_improvement': 20, 'n_clusters': 3, 'n_init': 20, 'tol': 0.001}",3,0.8145864293279177,0.9583229270978135,True,3
raw+robust,MiniBatchKMeans,"{'batch_size': 3072, 'init': 'random', 'max_iter': 300, 'max_no_improvement': 10, 'n_clusters': 3, 'n_init': 10, 'tol': 0.001}",3,0.8145113619994161,0.9494647887911828,True,3
raw+robust,MiniBatchKMeans,"{'batch_size': 3072, 'init': 'random', 'max_iter': 300, 'max_no_improvement': 20, 'n_clusters': 3, 'n_init': 10, 'tol': 0.001}",3,0.8145113619994161,0.9494647887911828,True,3
raw+robust,MiniBatchKMeans,"{'batch_size': 3072, 'init': 'random', 'max_iter': 500, 'max_no_improvement': 10, 'n_clusters': 3, 'n_init': 10, 'tol': 0.001}",3,0.8145113619994161,0.9494647887911828,True,3
raw+robust,MiniBatchKMeans,"{'batch_size': 3072, 'init': 'random', 'max_iter': 500, 'max_no_improvement': 20, 'n_clusters': 3, 'n_init': 10, 'tol': 0.001}",3,0.8145113619994161,0.9494647887911828,True,3
raw+robust,MiniBatchKMeans,"{'batch_size': 3072, 'init': 'k-means++', 'max_iter': 300, 'max_no_improvement': 20, 'n_clusters': 4, 'n_init': 10, 'tol': 0.0}",4,0.8135938903516754,0.8825544636886563,True,4
raw+robust,MiniBatchKMeans,"{'batch_size': 3072, 'init': 'k-means++', 'max_iter': 500, 'max_no_improvement': 20, 'n_clusters': 4, 'n_init': 10, 'tol': 0.0}",4,0.8135938903516754,0.8825544636886563,True,4
raw+robust,MiniBatchKMeans,"{'batch_size': 3072, 'init': 'k-means++', 'max_iter': 300, 'max_no_improvement': 10, 'n_clusters': 5, 'n_init': 10, 'tol': 0.0}",5,0.8130785934319199,0.8608216989930157,True,5
raw+robust,MiniBatchKMeans,"{'batch_size': 3072, 'init': 'k-means++', 'max_iter': 300, 'max_no_improvement': 10, 'n_clusters': 5, 'n_init': 10, 'tol': 0.001}",5,0.8130785934319199,0.8608216989930157,True,5
raw+robust,MiniBatchKMeans,"{'batch_size': 3072, 'init': 'k-means++', 'max_iter': 500, 'max_no_improvement': 10, 'n_clusters': 5, 'n_init': 10, 'tol': 0.0}",5,0.8130785934319199,0.8608216989930157,True,5
raw+robust,MiniBatchKMeans,"{'batch_size': 3072, 'init': 'k-means++', 'max_iter': 500, 'max_no_improvement': 10, 'n_clusters': 5, 'n_init': 10, 'tol': 0.001}",5,0.8130785934319199,0.8608216989930157,True,5
raw+robust,MiniBatchKMeans,"{'batch_size': 3072, 'init': 'k-means++', 'max_iter': 300, 'max_no_improvement': 20, 'n_clusters': 4, 'n_init': 10, 'tol': 0.001}",4,0.810684252517329,0.8860006100331526,True,4
raw+robust,MiniBatchKMeans,"{'batch_size': 3072, 'init': 'k-means++', 'max_iter': 500, 'max_no_improvement': 20, 'n_clusters': 4, 'n_init': 10, 'tol': 0.001}",4,0.810684252517329,0.8860006100331526,True,4
raw+robust,MiniBatchKMeans,"{'batch_size': 3072, 'init': 'k-means++', 'max_iter': 300, 'max_no_improvement': 10, 'n_clusters': 6, 'n_init': 10, 'tol': 0.0}",6,0.8078173774131939,0.8651245445644005,True,6
raw+robust,MiniBatchKMeans,"{'batch_size': 3072, 'init': 'k-means++', 'max_iter': 300, 'max_no_improvement': 10, 'n_clusters': 6, 'n_init': 10, 'tol': 0.001}",6,0.8078173774131939,0.8651245445644005,True,6
raw+robust,MiniBatchKMeans,"{'batch_size': 3072, 'init': 'k-means++', 'max_iter': 500, 'max_no_improvement': 10, 'n_clusters': 6, 'n_init': 10, 'tol': 0.0}",6,0.8078173774131939,0.8651245445644005,True,6
raw+robust,MiniBatchKMeans,"{'batch_size': 3072, 'init': 'k-means++', 'max_iter': 500, 'max_no_improvement': 10, 'n_clusters': 6, 'n_init': 10, 'tol': 0.001}",6,0.8078173774131939,0.8651245445644005,True,6
raw+robust,MiniBatchKMeans,"{'batch_size': 3072, 'init': 'k-means++', 'max_iter': 300, 'max_no_improvement': 10, 'n_clusters': 4, 'n_init': 10, 'tol': 0.0}",4,0.805366593740945,0.8893819860894883,True,4
raw+robust,MiniBatchKMeans,"{'batch_size': 3072, 'init': 'k-means++', 'max_iter': 300, 'max_no_improvement': 10, 'n_clusters': 4, 'n_init': 10, 'tol': 0.001}",4,0.805366593740945,0.8893819860894883,True,4
raw+robust,MiniBatchKMeans,"{'batch_size': 3072, 'init': 'k-means++', 'max_iter': 500, 'max_no_improvement': 10, 'n_clusters': 4, 'n_init': 10, 'tol': 0.0}",4,0.805366593740945,0.8893819860894883,True,4
raw+robust,MiniBatchKMeans,"{'batch_size': 3072, 'init': 'k-means++', 'max_iter': 500, 'max_no_improvement': 10, 'n_clusters': 4, 'n_init': 10, 'tol': 0.001}",4,0.805366593740945,0.8893819860894883,True,4
raw+robust,MiniBatchKMeans,"{'batch_size': 3072, 'init': 'k-means++', 'max_iter': 300, 'max_no_improvement': 20, 'n_clusters': 3, 'n_init': 20, 'tol': 0.0}",3,0.8025077955986469,0.9469476008540868,True,3
raw+robust,MiniBatchKMeans,"{'batch_size': 3072, 'init': 'k-means++', 'max_iter': 500, 'max_no_improvement': 20, 'n_clusters': 3, 'n_init': 20, 'tol': 0.0}",3,0.8025077955986469,0.9469476008540868,True,3
raw+robust,MiniBatchKMeans,"{'batch_size': 3072, 'init': 'k-means++', 'max_iter': 300, 'max_no_improvement': 10, 'n_clusters': 3, 'n_init': 20, 'tol': 0.0}",3,0.7980388227436462,0.9483001968811019,True,3
raw+robust,MiniBatchKMeans,"{'batch_size': 3072, 'init': 'k-means++', 'max_iter': 500, 'max_no_improvement': 10, 'n_clusters': 3, 'n_init': 20, 'tol': 0.0}",3,0.7980388227436462,0.9483001968811019,True,3
raw+robust,MiniBatchKMeans,"{'batch_size': 3072, 'init': 'k-means++', 'max_iter': 300, 'max_no_improvement': 10, 'n_clusters': 3, 'n_init': 20, 'tol': 0.001}",3,0.7923205241146728,0.9454487645951529,True,3
raw+robust,MiniBatchKMeans,"{'batch_size': 3072, 'init': 'k-means++', 'max_iter': 300, 'max_no_improvement': 20, 'n_clusters': 3, 'n_init': 20, 'tol': 0.001}",3,0.7923205241146728,0.9454487645951529,True,3
raw+robust,MiniBatchKMeans,"{'batch_size': 3072, 'init': 'k-means++', 'max_iter': 500, 'max_no_improvement': 10, 'n_clusters': 3, 'n_init': 20, 'tol': 0.001}",3,0.7923205241146728,0.9454487645951529,True,3
raw+robust,MiniBatchKMeans,"{'batch_size': 3072, 'init': 'k-means++', 'max_iter': 500, 'max_no_improvement': 20, 'n_clusters': 3, 'n_init': 20, 'tol': 0.001}",3,0.7923205241146728,0.9454487645951529,True,3
raw+robust,MiniBatchKMeans,"{'batch_size': 3072, 'init': 'k-means++', 'max_iter': 300, 'max_no_improvement': 20, 'n_clusters': 7, 'n_init': 10, 'tol': 0.0}",7,0.7844739970410418,0.95348900661113,True,7
raw+robust,MiniBatchKMeans,"{'batch_size': 3072, 'init': 'k-means++', 'max_iter': 300, 'max_no_improvement': 20, 'n_clusters': 7, 'n_init': 10, 'tol': 0.001}",7,0.7844739970410418,0.95348900661113,True,7
raw+robust,MiniBatchKMeans,"{'batch_size': 3072, 'init': 'k-means++', 'max_iter': 500, 'max_no_improvement': 20, 'n_clusters': 7, 'n_init': 10, 'tol': 0.0}",7,0.7844739970410418,0.95348900661113,True,7
raw+robust,MiniBatchKMeans,"{'batch_size': 3072, 'init': 'k-means++', 'max_iter': 500, 'max_no_improvement': 20, 'n_clusters': 7, 'n_init': 10, 'tol': 0.001}",7,0.7844739970410418,0.95348900661113,True,7
raw+robust,MiniBatchKMeans,"{'batch_size': 3072, 'init': 'k-means++', 'max_iter': 300, 'max_no_improvement': 20, 'n_clusters': 4, 'n_init': 20, 'tol': 0.0}",4,0.7814711436553612,1.4905432713053637,True,4
raw+robust,MiniBatchKMeans,"{'batch_size': 3072, 'init': 'k-means++', 'max_iter': 500, 'max_no_improvement': 20, 'n_clusters': 4, 'n_init': 20, 'tol': 0.0}",4,0.7814711436553612,1.4905432713053637,True,4
raw+robust,MiniBatchKMeans,"{'batch_size': 3072, 'init': 'k-means++', 'max_iter': 300, 'max_no_improvement': 10, 'n_clusters': 7, 'n_init': 10, 'tol': 0.0}",7,0.7782581103870642,0.9655560210349352,True,7
raw+robust,MiniBatchKMeans,"{'batch_size': 3072, 'init': 'k-means++', 'max_iter': 300, 'max_no_improvement': 10, 'n_clusters': 7, 'n_init': 10, 'tol': 0.001}",7,0.7782581103870642,0.9655560210349352,True,7
raw+robust,MiniBatchKMeans,"{'batch_size': 3072, 'init': 'k-means++', 'max_iter': 500, 'max_no_improvement': 10, 'n_clusters': 7, 'n_init': 10, 'tol': 0.0}",7,0.7782581103870642,0.9655560210349352,True,7
raw+robust,MiniBatchKMeans,"{'batch_size': 3072, 'init': 'k-means++', 'max_iter': 500, 'max_no_improvement': 10, 'n_clusters': 7, 'n_init': 10, 'tol': 0.001}",7,0.7782581103870642,0.9655560210349352,True,7
raw+robust,MiniBatchKMeans,"{'batch_size': 3072, 'init': 'k-means++', 'max_iter': 300, 'max_no_improvement': 20, 'n_clusters': 6, 'n_init': 20, 'tol': 0.0}",6,0.7740713086326343,0.8595730539764298,True,6
raw+robust,MiniBatchKMeans,"{'batch_size': 3072, 'init': 'k-means++', 'max_iter': 300, 'max_no_improvement': 20, 'n_clusters': 6, 'n_init': 20, 'tol': 0.001}",6,0.7740713086326343,0.8595730539764298,True,6
raw+robust,MiniBatchKMeans,"{'batch_size': 3072, 'init': 'k-means++', 'max_iter': 500, 'max_no_improvement': 20, 'n_clusters': 6, 'n_init': 20, 'tol': 0.0}",6,0.7740713086326343,0.8595730539764298,True,6
raw+robust,MiniBatchKMeans,"{'batch_size': 3072, 'init': 'k-means++', 'max_iter': 500, 'max_no_improvement': 20, 'n_clusters': 6, 'n_init': 20, 'tol': 0.001}",6,0.7740713086326343,0.8595730539764298,True,6
raw+robust,MiniBatchKMeans,"{'batch_size': 3072, 'init': 'k-means++', 'max_iter': 300, 'max_no_improvement': 10, 'n_clusters': 4, 'n_init': 20, 'tol': 0.0}",4,0.773398978667831,1.4529274619716381,True,4
raw+robust,MiniBatchKMeans,"{'batch_size': 3072, 'init': 'k-means++', 'max_iter': 500, 'max_no_improvement': 10, 'n_clusters': 4, 'n_init': 20, 'tol': 0.0}",4,0.773398978667831,1.4529274619716381,True,4
raw+robust,MiniBatchKMeans,"{'batch_size': 3072, 'init': 'k-means++', 'max_iter': 300, 'max_no_improvement': 10, 'n_clusters': 4, 'n_init': 20, 'tol': 0.001}",4,0.7674279971094102,1.4101432790258928,True,4
raw+robust,MiniBatchKMeans,"{'batch_size': 3072, 'init': 'k-means++', 'max_iter': 300, 'max_no_improvement': 20, 'n_clusters': 4, 'n_init': 20, 'tol': 0.001}",4,0.7674279971094102,1.4101432790258928,True,4
raw+robust,MiniBatchKMeans,"{'batch_size': 3072, 'init': 'k-means++', 'max_iter': 500, 'max_no_improvement': 10, 'n_clusters': 4, 'n_init': 20, 'tol': 0.001}",4,0.7674279971094102,1.4101432790258928,True,4
raw+robust,MiniBatchKMeans,"{'batch_size': 3072, 'init': 'k-means++', 'max_iter': 500, 'max_no_improvement': 20, 'n_clusters': 4, 'n_init': 20, 'tol': 0.001}",4,0.7674279971094102,1.4101432790258928,True,4
raw+robust,MiniBatchKMeans,"{'batch_size': 3072, 'init': 'k-means++', 'max_iter': 300, 'max_no_improvement': 10, 'n_clusters': 6, 'n_init': 20, 'tol': 0.0}",6,0.7580970437897803,0.8640912194218321,True,6
raw+robust,MiniBatchKMeans,"{'batch_size': 3072, 'init': 'k-means++', 'max_iter': 300, 'max_no_improvement': 10, 'n_clusters': 6, 'n_init': 20, 'tol': 0.001}",6,0.7580970437897803,0.8640912194218321,True,6
raw+robust,MiniBatchKMeans,"{'batch_size': 3072, 'init': 'k-means++', 'max_iter': 500, 'max_no_improvement': 10, 'n_clusters': 6, 'n_init': 20, 'tol': 0.0}",6,0.7580970437897803,0.8640912194218321,True,6
raw+robust,MiniBatchKMeans,"{'batch_size': 3072, 'init': 'k-means++', 'max_iter': 500, 'max_no_improvement': 10, 'n_clusters': 6, 'n_init': 20, 'tol': 0.001}",6,0.7580970437897803,0.8640912194218321,True,6
raw+robust,MiniBatchKMeans,"{'batch_size': 3072, 'init': 'random', 'max_iter': 300, 'max_no_improvement': 20, 'n_clusters': 7, 'n_init': 10, 'tol': 0.0}",7,0.6222651692516342,0.8724089463160418,True,7
raw+robust,MiniBatchKMeans,"{'batch_size': 3072, 'init': 'random', 'max_iter': 300, 'max_no_improvement': 20, 'n_clusters': 7, 'n_init': 10, 'tol': 0.001}",7,0.6222651692516342,0.8724089463160418,True,7
raw+robust,MiniBatchKMeans,"{'batch_size': 3072, 'init': 'random', 'max_iter': 500, 'max_no_improvement': 20, 'n_clusters': 7, 'n_init': 10, 'tol': 0.0}",7,0.6222651692516342,0.8724089463160418,True,7
raw+robust,MiniBatchKMeans,"{'batch_size': 3072, 'init': 'random', 'max_iter': 500, 'max_no_improvement': 20, 'n_clusters': 7, 'n_init': 10, 'tol': 0.001}",7,0.6222651692516342,0.8724089463160418,True,7
raw+robust,MiniBatchKMeans,"{'batch_size': 3072, 'init': 'random', 'max_iter': 300, 'max_no_improvement': 20, 'n_clusters': 5, 'n_init': 10, 'tol': 0.0}",5,0.6204541940816146,1.2125519827733968,True,5
raw+robust,MiniBatchKMeans,"{'batch_size': 3072, 'init': 'random', 'max_iter': 500, 'max_no_improvement': 20, 'n_clusters': 5, 'n_init': 10, 'tol': 0.0}",5,0.6204541940816146,1.2125519827733968,True,5
raw+robust,MiniBatchKMeans,"{'batch_size': 3072, 'init': 'random', 'max_iter': 300, 'max_no_improvement': 20, 'n_clusters': 5, 'n_init': 20, 'tol': 0.0}",5,0.6180691836708536,1.1108516742637595,True,5
raw+robust,MiniBatchKMeans,"{'batch_size': 3072, 'init': 'random', 'max_iter': 300, 'max_no_improvement': 20, 'n_clusters': 5, 'n_init': 20, 'tol': 0.001}",5,0.6180691836708536,1.1108516742637595,True,5
raw+robust,MiniBatchKMeans,"{'batch_size': 3072, 'init': 'random', 'max_iter': 500, 'max_no_improvement': 20, 'n_clusters': 5, 'n_init': 20, 'tol': 0.0}",5,0.6180691836708536,1.1108516742637595,True,5
raw+robust,MiniBatchKMeans,"{'batch_size': 3072, 'init': 'random', 'max_iter': 500, 'max_no_improvement': 20, 'n_clusters': 5, 'n_init': 20, 'tol': 0.001}",5,0.6180691836708536,1.1108516742637595,True,5
raw+robust,MiniBatchKMeans,"{'batch_size': 3072, 'init': 'random', 'max_iter': 300, 'max_no_improvement': 10, 'n_clusters': 5, 'n_init': 10, 'tol': 0.0}",5,0.5783230901780976,1.2153666861682297,True,5
raw+robust,MiniBatchKMeans,"{'batch_size': 3072, 'init': 'random', 'max_iter': 500, 'max_no_improvement': 10, 'n_clusters': 5, 'n_init': 10, 'tol': 0.0}",5,0.5783230901780976,1.2153666861682297,True,5
raw+robust,MiniBatchKMeans,"{'batch_size': 3072, 'init': 'random', 'max_iter': 300, 'max_no_improvement': 10, 'n_clusters': 5, 'n_init': 10, 'tol': 0.001}",5,0.5221872594848374,1.2168776659512723,True,5
raw+robust,MiniBatchKMeans,"{'batch_size': 3072, 'init': 'random', 'max_iter': 300, 'max_no_improvement': 20, 'n_clusters': 5, 'n_init': 10, 'tol': 0.001}",5,0.5221872594848374,1.2168776659512723,True,5
raw+robust,MiniBatchKMeans,"{'batch_size': 3072, 'init': 'random', 'max_iter': 500, 'max_no_improvement': 10, 'n_clusters': 5, 'n_init': 10, 'tol': 0.001}",5,0.5221872594848374,1.2168776659512723,True,5
raw+robust,MiniBatchKMeans,"{'batch_size': 3072, 'init': 'random', 'max_iter': 500, 'max_no_improvement': 20, 'n_clusters': 5, 'n_init': 10, 'tol': 0.001}",5,0.5221872594848374,1.2168776659512723,True,5
raw+robust,MiniBatchKMeans,"{'batch_size': 3072, 'init': 'random', 'max_iter': 300, 'max_no_improvement': 10, 'n_clusters': 7, 'n_init': 10, 'tol': 0.0}",7,0.5121144557863455,0.8795010309065031,True,7
raw+robust,MiniBatchKMeans,"{'batch_size': 3072, 'init': 'random', 'max_iter': 300, 'max_no_improvement': 10, 'n_clusters': 7, 'n_init': 10, 'tol': 0.001}",7,0.5121144557863455,0.8795010309065031,True,7
raw+robust,MiniBatchKMeans,"{'batch_size': 3072, 'init': 'random', 'max_iter': 500, 'max_no_improvement': 10, 'n_clusters': 7, 'n_init': 10, 'tol': 0.0}",7,0.5121144557863455,0.8795010309065031,True,7
raw+robust,MiniBatchKMeans,"{'batch_size': 3072, 'init': 'random', 'max_iter': 500, 'max_no_improvement': 10, 'n_clusters': 7, 'n_init': 10, 'tol': 0.001}",7,0.5121144557863455,0.8795010309065031,True,7
raw+robust,MiniBatchKMeans,"{'batch_size': 3072, 'init': 'random', 'max_iter': 300, 'max_no_improvement': 20, 'n_clusters': 7, 'n_init': 20, 'tol': 0.0}",7,0.46321502806387416,0.8719631468318253,True,7
raw+robust,MiniBatchKMeans,"{'batch_size': 3072, 'init': 'random', 'max_iter': 500, 'max_no_improvement': 20, 'n_clusters': 7, 'n_init': 20, 'tol': 0.0}",7,0.46321502806387416,0.8719631468318253,True,7
raw+robust,MiniBatchKMeans,"{'batch_size': 3072, 'init': 'random', 'max_iter': 300, 'max_no_improvement': 10, 'n_clusters': 5, 'n_init': 20, 'tol': 0.0}",5,0.4471592730245937,1.0671969506842547,True,5
raw+robust,MiniBatchKMeans,"{'batch_size': 3072, 'init': 'random', 'max_iter': 300, 'max_no_improvement': 10, 'n_clusters': 5, 'n_init': 20, 'tol': 0.001}",5,0.4471592730245937,1.0671969506842547,True,5
raw+robust,MiniBatchKMeans,"{'batch_size': 3072, 'init': 'random', 'max_iter': 500, 'max_no_improvement': 10, 'n_clusters': 5, 'n_init': 20, 'tol': 0.0}",5,0.4471592730245937,1.0671969506842547,True,5
raw+robust,MiniBatchKMeans,"{'batch_size': 3072, 'init': 'random', 'max_iter': 500, 'max_no_improvement': 10, 'n_clusters': 5, 'n_init': 20, 'tol': 0.001}",5,0.4471592730245937,1.0671969506842547,True,5
raw+robust,MiniBatchKMeans,"{'batch_size': 3072, 'init': 'k-means++', 'max_iter': 300, 'max_no_improvement': 20, 'n_clusters': 7, 'n_init': 20, 'tol': 0.0}",7,0.3814732154562703,0.886664397903588,True,7
raw+robust,MiniBatchKMeans,"{'batch_size': 3072, 'init': 'k-means++', 'max_iter': 500, 'max_no_improvement': 20, 'n_clusters': 7, 'n_init': 20, 'tol': 0.0}",7,0.3814732154562703,0.886664397903588,True,7
raw+robust,MiniBatchKMeans,"{'batch_size': 3072, 'init': 'random', 'max_iter': 300, 'max_no_improvement': 10, 'n_clusters': 7, 'n_init': 20, 'tol': 0.0}",7,0.3810740840218029,0.8572889882773123,True,7
raw+robust,MiniBatchKMeans,"{'batch_size': 3072, 'init': 'random', 'max_iter': 300, 'max_no_improvement': 10, 'n_clusters': 7, 'n_init': 20, 'tol': 0.001}",7,0.3810740840218029,0.8572889882773123,True,7
raw+robust,MiniBatchKMeans,"{'batch_size': 3072, 'init': 'random', 'max_iter': 500, 'max_no_improvement': 10, 'n_clusters': 7, 'n_init': 20, 'tol': 0.0}",7,0.3810740840218029,0.8572889882773123,True,7
raw+robust,MiniBatchKMeans,"{'batch_size': 3072, 'init': 'random', 'max_iter': 500, 'max_no_improvement': 10, 'n_clusters': 7, 'n_init': 20, 'tol': 0.001}",7,0.3810740840218029,0.8572889882773123,True,7
raw+robust,MiniBatchKMeans,"{'batch_size': 3072, 'init': 'random', 'max_iter': 300, 'max_no_improvement': 20, 'n_clusters': 7, 'n_init': 20, 'tol': 0.001}",7,0.3773397373377572,0.8611088944474774,True,7
raw+robust,MiniBatchKMeans,"{'batch_size': 3072, 'init': 'random', 'max_iter': 500, 'max_no_improvement': 20, 'n_clusters': 7, 'n_init': 20, 'tol': 0.001}",7,0.3773397373377572,0.8611088944474774,True,7
raw+robust,MiniBatchKMeans,"{'batch_size': 3072, 'init': 'k-means++', 'max_iter': 300, 'max_no_improvement': 10, 'n_clusters': 7, 'n_init': 20, 'tol': 0.0}",7,0.23013958316973293,0.8772855975540016,True,7
raw+robust,MiniBatchKMeans,"{'batch_size': 3072, 'init': 'k-means++', 'max_iter': 300, 'max_no_improvement': 10, 'n_clusters': 7, 'n_init': 20, 'tol': 0.001}",7,0.23013958316973293,0.8772855975540016,True,7
raw+robust,MiniBatchKMeans,"{'batch_size': 3072, 'init': 'k-means++', 'max_iter': 500, 'max_no_improvement': 10, 'n_clusters': 7, 'n_init': 20, 'tol': 0.0}",7,0.23013958316973293,0.8772855975540016,True,7
raw+robust,MiniBatchKMeans,"{'batch_size': 3072, 'init': 'k-means++', 'max_iter': 500, 'max_no_improvement': 10, 'n_clusters': 7, 'n_init': 20, 'tol': 0.001}",7,0.23013958316973293,0.8772855975540016,True,7
raw+robust,MiniBatchKMeans,"{'batch_size': 3072, 'init': 'random', 'max_iter': 300, 'max_no_improvement': 10, 'n_clusters': 6, 'n_init': 10, 'tol': 0.0}",6,0.22974322140544023,1.1690333966006314,True,6
raw+robust,MiniBatchKMeans,"{'batch_size': 3072, 'init': 'random', 'max_iter': 300, 'max_no_improvement': 10, 'n_clusters': 6, 'n_init': 10, 'tol': 0.001}",6,0.22974322140544023,1.1690333966006314,True,6
raw+robust,MiniBatchKMeans,"{'batch_size': 3072, 'init': 'random', 'max_iter': 500, 'max_no_improvement': 10, 'n_clusters': 6, 'n_init': 10, 'tol': 0.0}",6,0.22974322140544023,1.1690333966006314,True,6
raw+robust,MiniBatchKMeans,"{'batch_size': 3072, 'init': 'random', 'max_iter': 500, 'max_no_improvement': 10, 'n_clusters': 6, 'n_init': 10, 'tol': 0.001}",6,0.22974322140544023,1.1690333966006314,True,6
raw+robust,MiniBatchKMeans,"{'batch_size': 3072, 'init': 'k-means++', 'max_iter': 300, 'max_no_improvement': 20, 'n_clusters': 7, 'n_init': 20, 'tol': 0.001}",7,0.22443040371667916,0.8809536508016732,True,7
raw+robust,MiniBatchKMeans,"{'batch_size': 3072, 'init': 'k-means++', 'max_iter': 500, 'max_no_improvement': 20, 'n_clusters': 7, 'n_init': 20, 'tol': 0.001}",7,0.22443040371667916,0.8809536508016732,True,7
raw+robust,MiniBatchKMeans,"{'batch_size': 3072, 'init': 'random', 'max_iter': 300, 'max_no_improvement': 20, 'n_clusters': 6, 'n_init': 10, 'tol': 0.001}",6,0.21762689989319645,1.1757246686206015,True,6
raw+robust,MiniBatchKMeans,"{'batch_size': 3072, 'init': 'random', 'max_iter': 500, 'max_no_improvement': 20, 'n_clusters': 6, 'n_init': 10, 'tol': 0.001}",6,0.21762689989319645,1.1757246686206015,True,6
raw+robust,MiniBatchKMeans,"{'batch_size': 3072, 'init': 'random', 'max_iter': 300, 'max_no_improvement': 20, 'n_clusters': 6, 'n_init': 10, 'tol': 0.0}",6,0.21472391805709662,1.2017042866696688,True,6
raw+robust,MiniBatchKMeans,"{'batch_size': 3072, 'init': 'random', 'max_iter': 500, 'max_no_improvement': 20, 'n_clusters': 6, 'n_init': 10, 'tol': 0.0}",6,0.21472391805709662,1.2017042866696688,True,6
log1p+minmax,MiniBatchKMeans,"{'batch_size': 3072, 'init': 'k-means++', 'max_iter': 300, 'max_no_improvement': 10, 'n_clusters': 3, 'n_init': 20, 'tol': 0.001}",3,0.6990745430345406,0.8172588128488786,True,3
log1p+minmax,MiniBatchKMeans,"{'batch_size': 3072, 'init': 'k-means++', 'max_iter': 300, 'max_no_improvement': 20, 'n_clusters': 3, 'n_init': 20, 'tol': 0.001}",3,0.6990745430345406,0.8172588128488786,True,3
log1p+minmax,MiniBatchKMeans,"{'batch_size': 3072, 'init': 'k-means++', 'max_iter': 500, 'max_no_improvement': 10, 'n_clusters': 3, 'n_init': 20, 'tol': 0.001}",3,0.6990745430345406,0.8172588128488786,True,3
log1p+minmax,MiniBatchKMeans,"{'batch_size': 3072, 'init': 'k-means++', 'max_iter': 500, 'max_no_improvement': 20, 'n_clusters': 3, 'n_init': 20, 'tol': 0.001}",3,0.6990745430345406,0.8172588128488786,True,3
log1p+minmax,MiniBatchKMeans,"{'batch_size': 3072, 'init': 'k-means++', 'max_iter': 300, 'max_no_improvement': 10, 'n_clusters': 3, 'n_init': 10, 'tol': 0.001}",3,0.6972038198650947,0.7931235463215502,True,3
log1p+minmax,MiniBatchKMeans,"{'batch_size': 3072, 'init': 'k-means++', 'max_iter': 300, 'max_no_improvement': 20, 'n_clusters': 3, 'n_init': 10, 'tol': 0.001}",3,0.6972038198650947,0.7931235463215502,True,3
log1p+minmax,MiniBatchKMeans,"{'batch_size': 3072, 'init': 'k-means++', 'max_iter': 500, 'max_no_improvement': 10, 'n_clusters': 3, 'n_init': 10, 'tol': 0.001}",3,0.6972038198650947,0.7931235463215502,True,3
log1p+minmax,MiniBatchKMeans,"{'batch_size': 3072, 'init': 'k-means++', 'max_iter': 500, 'max_no_improvement': 20, 'n_clusters': 3, 'n_init': 10, 'tol': 0.001}",3,0.6972038198650947,0.7931235463215502,True,3
log1p+minmax,MiniBatchKMeans,"{'batch_size': 3072, 'init': 'k-means++', 'max_iter': 300, 'max_no_improvement': 10, 'n_clusters': 3, 'n_init': 20, 'tol': 0.0}",3,0.6958041034516042,0.7778848170106659,True,3
log1p+minmax,MiniBatchKMeans,"{'batch_size': 3072, 'init': 'k-means++', 'max_iter': 500, 'max_no_improvement': 10, 'n_clusters': 3, 'n_init': 20, 'tol': 0.0}",3,0.6958041034516042,0.7778848170106659,True,3
log1p+minmax,MiniBatchKMeans,"{'batch_size': 3072, 'init': 'k-means++', 'max_iter': 300, 'max_no_improvement': 20, 'n_clusters': 3, 'n_init': 20, 'tol': 0.0}",3,0.6950726816305001,0.7668943993564611,True,3
log1p+minmax,MiniBatchKMeans,"{'batch_size': 3072, 'init': 'k-means++', 'max_iter': 500, 'max_no_improvement': 20, 'n_clusters': 3, 'n_init': 20, 'tol': 0.0}",3,0.6950726816305001,0.7668943993564611,True,3
log1p+minmax,MiniBatchKMeans,"{'batch_size': 3072, 'init': 'k-means++', 'max_iter': 300, 'max_no_improvement': 10, 'n_clusters': 3, 'n_init': 10, 'tol': 0.0}",3,0.6946809007736593,0.7608864063846396,True,3
log1p+minmax,MiniBatchKMeans,"{'batch_size': 3072, 'init': 'k-means++', 'max_iter': 500, 'max_no_improvement': 10, 'n_clusters': 3, 'n_init': 10, 'tol': 0.0}",3,0.6946809007736593,0.7608864063846396,True,3
log1p+minmax,MiniBatchKMeans,"{'batch_size': 3072, 'init': 'random', 'max_iter': 300, 'max_no_improvement': 10, 'n_clusters': 3, 'n_init': 20, 'tol': 0.001}",3,0.6945807222912753,0.74058010288975,True,3
log1p+minmax,MiniBatchKMeans,"{'batch_size': 3072, 'init': 'random', 'max_iter': 300, 'max_no_improvement': 20, 'n_clusters': 3, 'n_init': 20, 'tol': 0.001}",3,0.6945807222912753,0.74058010288975,True,3
log1p+minmax,MiniBatchKMeans,"{'batch_size': 3072, 'init': 'random', 'max_iter': 500, 'max_no_improvement': 10, 'n_clusters': 3, 'n_init': 20, 'tol': 0.001}",3,0.6945807222912753,0.74058010288975,True,3
log1p+minmax,MiniBatchKMeans,"{'batch_size': 3072, 'init': 'random', 'max_iter': 500, 'max_no_improvement': 20, 'n_clusters': 3, 'n_init': 20, 'tol': 0.001}",3,0.6945807222912753,0.74058010288975,True,3
log1p+minmax,MiniBatchKMeans,"{'batch_size': 3072, 'init': 'random', 'max_iter': 300, 'max_no_improvement': 10, 'n_clusters': 3, 'n_init': 10, 'tol': 0.001}",3,0.694424042328928,0.7401541491435452,True,3
log1p+minmax,MiniBatchKMeans,"{'batch_size': 3072, 'init': 'random', 'max_iter': 300, 'max_no_improvement': 20, 'n_clusters': 3, 'n_init': 10, 'tol': 0.001}",3,0.694424042328928,0.7401541491435452,True,3
log1p+minmax,MiniBatchKMeans,"{'batch_size': 3072, 'init': 'random', 'max_iter': 500, 'max_no_improvement': 10, 'n_clusters': 3, 'n_init': 10, 'tol': 0.001}",3,0.694424042328928,0.7401541491435452,True,3
log1p+minmax,MiniBatchKMeans,"{'batch_size': 3072, 'init': 'random', 'max_iter': 500, 'max_no_improvement': 20, 'n_clusters': 3, 'n_init': 10, 'tol': 0.001}",3,0.694424042328928,0.7401541491435452,True,3
log1p+minmax,MiniBatchKMeans,"{'batch_size': 3072, 'init': 'k-means++', 'max_iter': 300, 'max_no_improvement': 20, 'n_clusters': 3, 'n_init': 10, 'tol': 0.0}",3,0.6942181901645399,0.7517361302544302,True,3
log1p+minmax,MiniBatchKMeans,"{'batch_size': 3072, 'init': 'k-means++', 'max_iter': 500, 'max_no_improvement': 20, 'n_clusters': 3, 'n_init': 10, 'tol': 0.0}",3,0.6942181901645399,0.7517361302544302,True,3
log1p+minmax,MiniBatchKMeans,"{'batch_size': 3072, 'init': 'random', 'max_iter': 300, 'max_no_improvement': 10, 'n_clusters': 3, 'n_init': 20, 'tol': 0.0}",3,0.6927588377145496,0.7323035661055036,True,3
log1p+minmax,MiniBatchKMeans,"{'batch_size': 3072, 'init': 'random', 'max_iter': 500, 'max_no_improvement': 10, 'n_clusters': 3, 'n_init': 20, 'tol': 0.0}",3,0.6927588377145496,0.7323035661055036,True,3
log1p+minmax,MiniBatchKMeans,"{'batch_size': 3072, 'init': 'random', 'max_iter': 300, 'max_no_improvement': 20, 'n_clusters': 3, 'n_init': 20, 'tol': 0.0}",3,0.6925412486949971,0.7324863037502775,True,3
log1p+minmax,MiniBatchKMeans,"{'batch_size': 3072, 'init': 'random', 'max_iter': 500, 'max_no_improvement': 20, 'n_clusters': 3, 'n_init': 20, 'tol': 0.0}",3,0.6925412486949971,0.7324863037502775,True,3
log1p+minmax,MiniBatchKMeans,"{'batch_size': 3072, 'init': 'random', 'max_iter': 300, 'max_no_improvement': 10, 'n_clusters': 3, 'n_init': 10, 'tol': 0.0}",3,0.6923092249170032,0.7310533280555408,True,3
log1p+minmax,MiniBatchKMeans,"{'batch_size': 3072, 'init': 'random', 'max_iter': 500, 'max_no_improvement': 10, 'n_clusters': 3, 'n_init': 10, 'tol': 0.0}",3,0.6923092249170032,0.7310533280555408,True,3
log1p+minmax,KMeans,"{'init': 'k-means++', 'max_iter': 300, 'n_clusters': 4, 'n_init': 10, 'tol': 0.001}",4,0.6920981092549101,0.781040778004735,True,4
log1p+minmax,KMeans,"{'init': 'k-means++', 'max_iter': 300, 'n_clusters': 4, 'n_init': 20, 'tol': 0.001}",4,0.6920981092549101,0.781040778004735,True,4
log1p+minmax,KMeans,"{'init': 'k-means++', 'max_iter': 500, 'n_clusters': 4, 'n_init': 10, 'tol': 0.001}",4,0.6920981092549101,0.781040778004735,True,4
log1p+minmax,KMeans,"{'init': 'k-means++', 'max_iter': 500, 'n_clusters': 4, 'n_init': 20, 'tol': 0.001}",4,0.6920981092549101,0.781040778004735,True,4
log1p+minmax,KMeans,"{'init': 'random', 'max_iter': 300, 'n_clusters': 4, 'n_init': 10, 'tol': 0.001}",4,0.6920981092549101,0.781040778004735,True,4
log1p+minmax,KMeans,"{'init': 'random', 'max_iter': 300, 'n_clusters': 4, 'n_init': 20, 'tol': 0.001}",4,0.6920981092549101,0.781040778004735,True,4
log1p+minmax,KMeans,"{'init': 'random', 'max_iter': 500, 'n_clusters': 4, 'n_init': 10, 'tol': 0.001}",4,0.6920981092549101,0.781040778004735,True,4
log1p+minmax,KMeans,"{'init': 'random', 'max_iter': 500, 'n_clusters': 4, 'n_init': 20, 'tol': 0.001}",4,0.6920981092549101,0.781040778004735,True,4
log1p+minmax,MiniBatchKMeans,"{'batch_size': 3072, 'init': 'k-means++', 'max_iter': 300, 'max_no_improvement': 20, 'n_clusters': 4, 'n_init': 20, 'tol': 0.0}",4,0.6920959853401173,0.7812873656570514,True,4
log1p+minmax,MiniBatchKMeans,"{'batch_size': 3072, 'init': 'k-means++', 'max_iter': 500, 'max_no_improvement': 20, 'n_clusters': 4, 'n_init': 20, 'tol': 0.0}",4,0.6920959853401173,0.7812873656570514,True,4
log1p+minmax,KMeans,"{'init': 'random', 'max_iter': 300, 'n_clusters': 4, 'n_init': 10, 'tol': 0.0001}",4,0.6920831634894359,0.7812131686094455,True,4
log1p+minmax,KMeans,"{'init': 'random', 'max_iter': 300, 'n_clusters': 4, 'n_init': 20, 'tol': 0.0001}",4,0.6920831634894359,0.7812131686094455,True,4
log1p+minmax,KMeans,"{'init': 'random', 'max_iter': 500, 'n_clusters': 4, 'n_init': 10, 'tol': 0.0001}",4,0.6920831634894359,0.7812131686094455,True,4
log1p+minmax,KMeans,"{'init': 'random', 'max_iter': 500, 'n_clusters': 4, 'n_init': 20, 'tol': 0.0001}",4,0.6920831634894359,0.7812131686094455,True,4
log1p+minmax,MiniBatchKMeans,"{'batch_size': 3072, 'init': 'k-means++', 'max_iter': 300, 'max_no_improvement': 10, 'n_clusters': 4, 'n_init': 20, 'tol': 0.0}",4,0.6920728101610648,0.7812378394375343,True,4
log1p+minmax,MiniBatchKMeans,"{'batch_size': 3072, 'init': 'k-means++', 'max_iter': 500, 'max_no_improvement': 10, 'n_clusters': 4, 'n_init': 20, 'tol': 0.0}",4,0.6920728101610648,0.7812378394375343,True,4
log1p+minmax,KMeans,"{'init': 'k-means++', 'max_iter': 300, 'n_clusters': 4, 'n_init': 10, 'tol': 0.0001}",4,0.6920256582489194,0.7814571855376528,True,4
log1p+minmax,KMeans,"{'init': 'k-means++', 'max_iter': 300, 'n_clusters': 4, 'n_init': 20, 'tol': 0.0001}",4,0.6920256582489194,0.7814571855376528,True,4
log1p+minmax,KMeans,"{'init': 'k-means++', 'max_iter': 500, 'n_clusters': 4, 'n_init': 10, 'tol': 0.0001}",4,0.6920256582489194,0.7814571855376528,True,4
log1p+minmax,KMeans,"{'init': 'k-means++', 'max_iter': 500, 'n_clusters': 4, 'n_init': 20, 'tol': 0.0001}",4,0.6920256582489194,0.7814571855376528,True,4
log1p+minmax,MiniBatchKMeans,"{'batch_size': 3072, 'init': 'k-means++', 'max_iter': 300, 'max_no_improvement': 10, 'n_clusters': 4, 'n_init': 20, 'tol': 0.001}",4,0.6919504757256448,0.7809068488228239,True,4
log1p+minmax,MiniBatchKMeans,"{'batch_size': 3072, 'init': 'k-means++', 'max_iter': 300, 'max_no_improvement': 20, 'n_clusters': 4, 'n_init': 20, 'tol': 0.001}",4,0.6919504757256448,0.7809068488228239,True,4
log1p+minmax,MiniBatchKMeans,"{'batch_size': 3072, 'init': 'k-means++', 'max_iter': 500, 'max_no_improvement': 10, 'n_clusters': 4, 'n_init': 20, 'tol': 0.001}",4,0.6919504757256448,0.7809068488228239,True,4
log1p+minmax,MiniBatchKMeans,"{'batch_size': 3072, 'init': 'k-means++', 'max_iter': 500, 'max_no_improvement': 20, 'n_clusters': 4, 'n_init': 20, 'tol': 0.001}",4,0.6919504757256448,0.7809068488228239,True,4
log1p+minmax,MiniBatchKMeans,"{'batch_size': 3072, 'init': 'random', 'max_iter': 300, 'max_no_improvement': 20, 'n_clusters': 3, 'n_init': 10, 'tol': 0.0}",3,0.6915216964322797,0.730977067986026,True,3
log1p+minmax,MiniBatchKMeans,"{'batch_size': 3072, 'init': 'random', 'max_iter': 500, 'max_no_improvement': 20, 'n_clusters': 3, 'n_init': 10, 'tol': 0.0}",3,0.6915216964322797,0.730977067986026,True,3
log1p+minmax,KMeans,"{'init': 'k-means++', 'max_iter': 300, 'n_clusters': 3, 'n_init': 10, 'tol': 0.0001}",3,0.6895571487048827,0.7240733304153221,True,3
log1p+minmax,KMeans,"{'init': 'k-means++', 'max_iter': 300, 'n_clusters': 3, 'n_init': 10, 'tol': 0.001}",3,0.6895571487048827,0.7240733304153221,True,3
log1p+minmax,KMeans,"{'init': 'k-means++', 'max_iter': 300, 'n_clusters': 3, 'n_init': 20, 'tol': 0.0001}",3,0.6895571487048827,0.7240733304153221,True,3
log1p+minmax,KMeans,"{'init': 'k-means++', 'max_iter': 300, 'n_clusters': 3, 'n_init': 20, 'tol': 0.001}",3,0.6895571487048827,0.7240733304153221,True,3
log1p+minmax,KMeans,"{'init': 'k-means++', 'max_iter': 500, 'n_clusters': 3, 'n_init': 10, 'tol': 0.0001}",3,0.6895571487048827,0.7240733304153221,True,3
log1p+minmax,KMeans,"{'init': 'k-means++', 'max_iter': 500, 'n_clusters': 3, 'n_init': 10, 'tol': 0.001}",3,0.6895571487048827,0.7240733304153221,True,3
log1p+minmax,KMeans,"{'init': 'k-means++', 'max_iter': 500, 'n_clusters': 3, 'n_init': 20, 'tol': 0.0001}",3,0.6895571487048827,0.7240733304153221,True,3
log1p+minmax,KMeans,"{'init': 'k-means++', 'max_iter': 500, 'n_clusters': 3, 'n_init': 20, 'tol': 0.001}",3,0.6895571487048827,0.7240733304153221,True,3
log1p+minmax,KMeans,"{'init': 'random', 'max_iter': 300, 'n_clusters': 3, 'n_init': 10, 'tol': 0.0001}",3,0.6895571487048827,0.7240733304153221,True,3
log1p+minmax,KMeans,"{'init': 'random', 'max_iter': 300, 'n_clusters': 3, 'n_init': 10, 'tol': 0.001}",3,0.6895571487048827,0.7240733304153221,True,3
log1p+minmax,KMeans,"{'init': 'random', 'max_iter': 300, 'n_clusters': 3, 'n_init': 20, 'tol': 0.0001}",3,0.6895571487048827,0.7240733304153221,True,3
log1p+minmax,KMeans,"{'init': 'random', 'max_iter': 300, 'n_clusters': 3, 'n_init': 20, 'tol': 0.001}",3,0.6895571487048827,0.7240733304153221,True,3
log1p+minmax,KMeans,"{'init': 'random', 'max_iter': 500, 'n_clusters': 3, 'n_init': 10, 'tol': 0.0001}",3,0.6895571487048827,0.7240733304153221,True,3
log1p+minmax,KMeans,"{'init': 'random', 'max_iter': 500, 'n_clusters': 3, 'n_init': 10, 'tol': 0.001}",3,0.6895571487048827,0.7240733304153221,True,3
log1p+minmax,KMeans,"{'init': 'random', 'max_iter': 500, 'n_clusters': 3, 'n_init': 20, 'tol': 0.0001}",3,0.6895571487048827,0.7240733304153221,True,3
log1p+minmax,KMeans,"{'init': 'random', 'max_iter': 500, 'n_clusters': 3, 'n_init': 20, 'tol': 0.001}",3,0.6895571487048827,0.7240733304153221,True,3
log1p+minmax,MiniBatchKMeans,"{'batch_size': 3072, 'init': 'k-means++', 'max_iter': 300, 'max_no_improvement': 20, 'n_clusters': 4, 'n_init': 10, 'tol': 0.0}",4,0.6864735353719748,0.7870681679170418,True,4
log1p+minmax,MiniBatchKMeans,"{'batch_size': 3072, 'init': 'k-means++', 'max_iter': 500, 'max_no_improvement': 20, 'n_clusters': 4, 'n_init': 10, 'tol': 0.0}",4,0.6864735353719748,0.7870681679170418,True,4
log1p+minmax,MiniBatchKMeans,"{'batch_size': 3072, 'init': 'k-means++', 'max_iter': 300, 'max_no_improvement': 10, 'n_clusters': 4, 'n_init': 10, 'tol': 0.0}",4,0.6855294624542964,0.7878459899204686,True,4
log1p+minmax,MiniBatchKMeans,"{'batch_size': 3072, 'init': 'k-means++', 'max_iter': 500, 'max_no_improvement': 10, 'n_clusters': 4, 'n_init': 10, 'tol': 0.0}",4,0.6855294624542964,0.7878459899204686,True,4
log1p+minmax,MiniBatchKMeans,"{'batch_size': 3072, 'init': 'k-means++', 'max_iter': 300, 'max_no_improvement': 10, 'n_clusters': 4, 'n_init': 10, 'tol': 0.001}",4,0.6803983375208595,0.792329818038169,True,4
log1p+minmax,MiniBatchKMeans,"{'batch_size': 3072, 'init': 'k-means++', 'max_iter': 300, 'max_no_improvement': 20, 'n_clusters': 4, 'n_init': 10, 'tol': 0.001}",4,0.6803983375208595,0.792329818038169,True,4
log1p+minmax,MiniBatchKMeans,"{'batch_size': 3072, 'init': 'k-means++', 'max_iter': 500, 'max_no_improvement': 10, 'n_clusters': 4, 'n_init': 10, 'tol': 0.001}",4,0.6803983375208595,0.792329818038169,True,4
log1p+minmax,MiniBatchKMeans,"{'batch_size': 3072, 'init': 'k-means++', 'max_iter': 500, 'max_no_improvement': 20, 'n_clusters': 4, 'n_init': 10, 'tol': 0.001}",4,0.6803983375208595,0.792329818038169,True,4
log1p+minmax,MiniBatchKMeans,"{'batch_size': 3072, 'init': 'k-means++', 'max_iter': 300, 'max_no_improvement': 10, 'n_clusters': 5, 'n_init': 10, 'tol': 0.001}",5,0.6747533779971809,0.8487584055482467,True,5
log1p+minmax,MiniBatchKMeans,"{'batch_size': 3072, 'init': 'k-means++', 'max_iter': 300, 'max_no_improvement': 20, 'n_clusters': 5, 'n_init': 10, 'tol': 0.001}",5,0.6747533779971809,0.8487584055482467,True,5
log1p+minmax,MiniBatchKMeans,"{'batch_size': 3072, 'init': 'k-means++', 'max_iter': 500, 'max_no_improvement': 10, 'n_clusters': 5, 'n_init': 10, 'tol': 0.001}",5,0.6747533779971809,0.8487584055482467,True,5
log1p+minmax,MiniBatchKMeans,"{'batch_size': 3072, 'init': 'k-means++', 'max_iter': 500, 'max_no_improvement': 20, 'n_clusters': 5, 'n_init': 10, 'tol': 0.001}",5,0.6747533779971809,0.8487584055482467,True,5
log1p+minmax,MiniBatchKMeans,"{'batch_size': 3072, 'init': 'k-means++', 'max_iter': 300, 'max_no_improvement': 10, 'n_clusters': 5, 'n_init': 10, 'tol': 0.0}",5,0.6744672964262194,0.8471397985768243,True,5
log1p+minmax,MiniBatchKMeans,"{'batch_size': 3072, 'init': 'k-means++', 'max_iter': 500, 'max_no_improvement': 10, 'n_clusters': 5, 'n_init': 10, 'tol': 0.0}",5,0.6744672964262194,0.8471397985768243,True,5
log1p+minmax,MiniBatchKMeans,"{'batch_size': 3072, 'init': 'k-means++', 'max_iter': 300, 'max_no_improvement': 10, 'n_clusters': 5, 'n_init': 20, 'tol': 0.001}",5,0.6737482642883614,0.8434049925440551,True,5
log1p+minmax,MiniBatchKMeans,"{'batch_size': 3072, 'init': 'k-means++', 'max_iter': 300, 'max_no_improvement': 20, 'n_clusters': 5, 'n_init': 20, 'tol': 0.001}",5,0.6737482642883614,0.8434049925440551,True,5
log1p+minmax,MiniBatchKMeans,"{'batch_size': 3072, 'init': 'k-means++', 'max_iter': 500, 'max_no_improvement': 10, 'n_clusters': 5, 'n_init': 20, 'tol': 0.001}",5,0.6737482642883614,0.8434049925440551,True,5
log1p+minmax,MiniBatchKMeans,"{'batch_size': 3072, 'init': 'k-means++', 'max_iter': 500, 'max_no_improvement': 20, 'n_clusters': 5, 'n_init': 20, 'tol': 0.001}",5,0.6737482642883614,0.8434049925440551,True,5
log1p+minmax,MiniBatchKMeans,"{'batch_size': 3072, 'init': 'k-means++', 'max_iter': 300, 'max_no_improvement': 10, 'n_clusters': 5, 'n_init': 20, 'tol': 0.0}",5,0.6736894116754292,0.8418295995583328,True,5
log1p+minmax,MiniBatchKMeans,"{'batch_size': 3072, 'init': 'k-means++', 'max_iter': 500, 'max_no_improvement': 10, 'n_clusters': 5, 'n_init': 20, 'tol': 0.0}",5,0.6736894116754292,0.8418295995583328,True,5
log1p+minmax,MiniBatchKMeans,"{'batch_size': 3072, 'init': 'k-means++', 'max_iter': 300, 'max_no_improvement': 20, 'n_clusters': 5, 'n_init': 10, 'tol': 0.0}",5,0.6722303098005834,0.8432469579301554,True,5
log1p+minmax,MiniBatchKMeans,"{'batch_size': 3072, 'init': 'k-means++', 'max_iter': 500, 'max_no_improvement': 20, 'n_clusters': 5, 'n_init': 10, 'tol': 0.0}",5,0.6722303098005834,0.8432469579301554,True,5
log1p+minmax,MiniBatchKMeans,"{'batch_size': 3072, 'init': 'k-means++', 'max_iter': 300, 'max_no_improvement': 20, 'n_clusters': 5, 'n_init': 20, 'tol': 0.0}",5,0.672154656406774,0.842464804691747,True,5
log1p+minmax,MiniBatchKMeans,"{'batch_size': 3072, 'init': 'k-means++', 'max_iter': 500, 'max_no_improvement': 20, 'n_clusters': 5, 'n_init': 20, 'tol': 0.0}",5,0.672154656406774,0.842464804691747,True,5
log1p+minmax,MiniBatchKMeans,"{'batch_size': 3072, 'init': 'random', 'max_iter': 300, 'max_no_improvement': 20, 'n_clusters': 4, 'n_init': 20, 'tol': 0.0}",4,0.6678502884747477,0.7984512593055402,True,4
log1p+minmax,MiniBatchKMeans,"{'batch_size': 3072, 'init': 'random', 'max_iter': 500, 'max_no_improvement': 20, 'n_clusters': 4, 'n_init': 20, 'tol': 0.0}",4,0.6678502884747477,0.7984512593055402,True,4
log1p+minmax,MiniBatchKMeans,"{'batch_size': 3072, 'init': 'random', 'max_iter': 300, 'max_no_improvement': 10, 'n_clusters': 4, 'n_init': 20, 'tol': 0.0}",4,0.6609233012263453,0.8081886929443889,True,4
log1p+minmax,MiniBatchKMeans,"{'batch_size': 3072, 'init': 'random', 'max_iter': 500, 'max_no_improvement': 10, 'n_clusters': 4, 'n_init': 20, 'tol': 0.0}",4,0.6609233012263453,0.8081886929443889,True,4
log1p+minmax,MiniBatchKMeans,"{'batch_size': 3072, 'init': 'random', 'max_iter': 300, 'max_no_improvement': 10, 'n_clusters': 4, 'n_init': 20, 'tol': 0.001}",4,0.6608677481120421,0.8086909900603467,True,4
log1p+minmax,MiniBatchKMeans,"{'batch_size': 3072, 'init': 'random', 'max_iter': 300, 'max_no_improvement': 20, 'n_clusters': 4, 'n_init': 20, 'tol': 0.001}",4,0.6608677481120421,0.8086909900603467,True,4
log1p+minmax,MiniBatchKMeans,"{'batch_size': 3072, 'init': 'random', 'max_iter': 500, 'max_no_improvement': 10, 'n_clusters': 4, 'n_init': 20, 'tol': 0.001}",4,0.6608677481120421,0.8086909900603467,True,4
log1p+minmax,MiniBatchKMeans,"{'batch_size': 3072, 'init': 'random', 'max_iter': 500, 'max_no_improvement': 20, 'n_clusters': 4, 'n_init': 20, 'tol': 0.001}",4,0.6608677481120421,0.8086909900603467,True,4
log1p+minmax,MiniBatchKMeans,"{'batch_size': 3072, 'init': 'random', 'max_iter': 300, 'max_no_improvement': 20, 'n_clusters': 4, 'n_init': 10, 'tol': 0.0}",4,0.660731339267421,0.8116995112381795,True,4
log1p+minmax,MiniBatchKMeans,"{'batch_size': 3072, 'init': 'random', 'max_iter': 500, 'max_no_improvement': 20, 'n_clusters': 4, 'n_init': 10, 'tol': 0.0}",4,0.660731339267421,0.8116995112381795,True,4
log1p+minmax,MiniBatchKMeans,"{'batch_size': 3072, 'init': 'random', 'max_iter': 300, 'max_no_improvement': 10, 'n_clusters': 4, 'n_init': 10, 'tol': 0.0}",4,0.6509484469436487,0.8431486634353216,True,4
log1p+minmax,MiniBatchKMeans,"{'batch_size': 3072, 'init': 'random', 'max_iter': 500, 'max_no_improvement': 10, 'n_clusters': 4, 'n_init': 10, 'tol': 0.0}",4,0.6509484469436487,0.8431486634353216,True,4
log1p+minmax,MiniBatchKMeans,"{'batch_size': 3072, 'init': 'random', 'max_iter': 300, 'max_no_improvement': 10, 'n_clusters': 4, 'n_init': 10, 'tol': 0.001}",4,0.6448809652721856,0.8514147585278982,True,4
log1p+minmax,MiniBatchKMeans,"{'batch_size': 3072, 'init': 'random', 'max_iter': 300, 'max_no_improvement': 20, 'n_clusters': 4, 'n_init': 10, 'tol': 0.001}",4,0.6448809652721856,0.8514147585278982,True,4
log1p+minmax,MiniBatchKMeans,"{'batch_size': 3072, 'init': 'random', 'max_iter': 500, 'max_no_improvement': 10, 'n_clusters': 4, 'n_init': 10, 'tol': 0.001}",4,0.6448809652721856,0.8514147585278982,True,4
log1p+minmax,MiniBatchKMeans,"{'batch_size': 3072, 'init': 'random', 'max_iter': 500, 'max_no_improvement': 20, 'n_clusters': 4, 'n_init': 10, 'tol': 0.001}",4,0.6448809652721856,0.8514147585278982,True,4
log1p+minmax,KMeans,"{'init': 'random', 'max_iter': 300, 'n_clusters': 7, 'n_init': 10, 'tol': 0.001}",7,0.5795386927495711,0.7374668383499026,True,7
log1p+minmax,KMeans,"{'init': 'random', 'max_iter': 500, 'n_clusters': 7, 'n_init': 10, 'tol': 0.001}",7,0.5795386927495711,0.7374668383499026,True,7
log1p+minmax,KMeans,"{'init': 'random', 'max_iter': 300, 'n_clusters': 7, 'n_init': 10, 'tol': 0.0001}",7,0.5795386927495711,0.7374668383499027,True,7
log1p+minmax,KMeans,"{'init': 'random', 'max_iter': 500, 'n_clusters': 7, 'n_init': 10, 'tol': 0.0001}",7,0.5795386927495711,0.7374668383499027,True,7
log1p+minmax,KMeans,"{'init': 'random', 'max_iter': 300, 'n_clusters': 7, 'n_init': 20, 'tol': 0.001}",7,0.571401193524875,0.7886231044197415,True,7
log1p+minmax,KMeans,"{'init': 'random', 'max_iter': 500, 'n_clusters': 7, 'n_init': 20, 'tol': 0.001}",7,0.571401193524875,0.7886231044197415,True,7
log1p+minmax,KMeans,"{'init': 'random', 'max_iter': 300, 'n_clusters': 7, 'n_init': 20, 'tol': 0.0001}",7,0.5713876245894257,0.7884909254734577,True,7
log1p+minmax,KMeans,"{'init': 'random', 'max_iter': 500, 'n_clusters': 7, 'n_init': 20, 'tol': 0.0001}",7,0.5713876245894257,0.7884909254734577,True,7
log1p+minmax,KMeans,"{'init': 'k-means++', 'max_iter': 300, 'n_clusters': 5, 'n_init': 10, 'tol': 0.0001}",5,0.5711700846464185,0.7517823956209677,True,5
log1p+minmax,KMeans,"{'init': 'k-means++', 'max_iter': 300, 'n_clusters': 5, 'n_init': 10, 'tol': 0.001}",5,0.5711700846464185,0.7517823956209677,True,5
log1p+minmax,KMeans,"{'init': 'k-means++', 'max_iter': 300, 'n_clusters': 5, 'n_init': 20, 'tol': 0.0001}",5,0.5711700846464185,0.7517823956209677,True,5
log1p+minmax,KMeans,"{'init': 'k-means++', 'max_iter': 300, 'n_clusters': 5, 'n_init': 20, 'tol': 0.001}",5,0.5711700846464185,0.7517823956209677,True,5
log1p+minmax,KMeans,"{'init': 'k-means++', 'max_iter': 500, 'n_clusters': 5, 'n_init': 10, 'tol': 0.0001}",5,0.5711700846464185,0.7517823956209677,True,5
log1p+minmax,KMeans,"{'init': 'k-means++', 'max_iter': 500, 'n_clusters': 5, 'n_init': 10, 'tol': 0.001}",5,0.5711700846464185,0.7517823956209677,True,5
log1p+minmax,KMeans,"{'init': 'k-means++', 'max_iter': 500, 'n_clusters': 5, 'n_init': 20, 'tol': 0.0001}",5,0.5711700846464185,0.7517823956209677,True,5
log1p+minmax,KMeans,"{'init': 'k-means++', 'max_iter': 500, 'n_clusters': 5, 'n_init': 20, 'tol': 0.001}",5,0.5711700846464185,0.7517823956209677,True,5
log1p+minmax,KMeans,"{'init': 'random', 'max_iter': 300, 'n_clusters': 5, 'n_init': 10, 'tol': 0.0001}",5,0.5711700846464185,0.7517823956209677,True,5
log1p+minmax,KMeans,"{'init': 'random', 'max_iter': 300, 'n_clusters': 5, 'n_init': 10, 'tol': 0.001}",5,0.5711700846464185,0.7517823956209677,True,5
log1p+minmax,KMeans,"{'init': 'random', 'max_iter': 300, 'n_clusters': 5, 'n_init': 20, 'tol': 0.0001}",5,0.5711700846464185,0.7517823956209677,True,5
log1p+minmax,KMeans,"{'init': 'random', 'max_iter': 300, 'n_clusters': 5, 'n_init': 20, 'tol': 0.001}",5,0.5711700846464185,0.7517823956209677,True,5
log1p+minmax,KMeans,"{'init': 'random', 'max_iter': 500, 'n_clusters': 5, 'n_init': 10, 'tol': 0.0001}",5,0.5711700846464185,0.7517823956209677,True,5
log1p+minmax,KMeans,"{'init': 'random', 'max_iter': 500, 'n_clusters': 5, 'n_init': 10, 'tol': 0.001}",5,0.5711700846464185,0.7517823956209677,True,5
log1p+minmax,KMeans,"{'init': 'random', 'max_iter': 500, 'n_clusters': 5, 'n_init': 20, 'tol': 0.0001}",5,0.5711700846464185,0.7517823956209677,True,5
log1p+minmax,KMeans,"{'init': 'random', 'max_iter': 500, 'n_clusters': 5, 'n_init': 20, 'tol': 0.001}",5,0.5711700846464185,0.7517823956209677,True,5
log1p+minmax,KMeans,"{'init': 'random', 'max_iter': 300, 'n_clusters': 6, 'n_init': 10, 'tol': 0.0001}",6,0.568675067195981,0.8098412299844994,True,6
log1p+minmax,KMeans,"{'init': 'random', 'max_iter': 300, 'n_clusters': 6, 'n_init': 20, 'tol': 0.0001}",6,0.568675067195981,0.8098412299844994,True,6
log1p+minmax,KMeans,"{'init': 'random', 'max_iter': 500, 'n_clusters': 6, 'n_init': 10, 'tol': 0.0001}",6,0.568675067195981,0.8098412299844994,True,6
log1p+minmax,KMeans,"{'init': 'random', 'max_iter': 500, 'n_clusters': 6, 'n_init': 20, 'tol': 0.0001}",6,0.568675067195981,0.8098412299844994,True,6
log1p+minmax,KMeans,"{'init': 'k-means++', 'max_iter': 300, 'n_clusters': 6, 'n_init': 20, 'tol': 0.0001}",6,0.568675067195981,0.8098412299844995,True,6
log1p+minmax,KMeans,"{'init': 'k-means++', 'max_iter': 500, 'n_clusters': 6, 'n_init': 20, 'tol': 0.0001}",6,0.568675067195981,0.8098412299844995,True,6
log1p+minmax,KMeans,"{'init': 'k-means++', 'max_iter': 300, 'n_clusters': 6, 'n_init': 10, 'tol': 0.0001}",6,0.5686742656096442,0.8099003388674078,True,6
log1p+minmax,KMeans,"{'init': 'k-means++', 'max_iter': 500, 'n_clusters': 6, 'n_init': 10, 'tol': 0.0001}",6,0.5686742656096442,0.8099003388674078,True,6
log1p+minmax,KMeans,"{'init': 'k-means++', 'max_iter': 300, 'n_clusters': 6, 'n_init': 10, 'tol': 0.001}",6,0.5686551163490069,0.8102632033935344,True,6
log1p+minmax,KMeans,"{'init': 'k-means++', 'max_iter': 500, 'n_clusters': 6, 'n_init': 10, 'tol': 0.001}",6,0.5686551163490069,0.8102632033935344,True,6
log1p+minmax,KMeans,"{'init': 'random', 'max_iter': 300, 'n_clusters': 6, 'n_init': 20, 'tol': 0.001}",6,0.5686540264878508,0.8100429743973431,True,6
log1p+minmax,KMeans,"{'init': 'random', 'max_iter': 500, 'n_clusters': 6, 'n_init': 20, 'tol': 0.001}",6,0.5686540264878508,0.8100429743973431,True,6
log1p+minmax,KMeans,"{'init': 'k-means++', 'max_iter': 300, 'n_clusters': 6, 'n_init': 20, 'tol': 0.001}",6,0.568640942912521,0.8101552826503845,True,6
log1p+minmax,KMeans,"{'init': 'k-means++', 'max_iter': 500, 'n_clusters': 6, 'n_init': 20, 'tol': 0.001}",6,0.568640942912521,0.8101552826503845,True,6
log1p+minmax,KMeans,"{'init': 'random', 'max_iter': 300, 'n_clusters': 6, 'n_init': 10, 'tol': 0.001}",6,0.5686023333334422,0.8103943399063663,True,6
log1p+minmax,KMeans,"{'init': 'random', 'max_iter': 500, 'n_clusters': 6, 'n_init': 10, 'tol': 0.001}",6,0.5686023333334422,0.8103943399063663,True,6
log1p+minmax,MiniBatchKMeans,"{'batch_size': 3072, 'init': 'k-means++', 'max_iter': 300, 'max_no_improvement': 20, 'n_clusters': 6, 'n_init': 10, 'tol': 0.0}",6,0.5650816029605629,0.8226172412407653,True,6
log1p+minmax,MiniBatchKMeans,"{'batch_size': 3072, 'init': 'k-means++', 'max_iter': 500, 'max_no_improvement': 20, 'n_clusters': 6, 'n_init': 10, 'tol': 0.0}",6,0.5650816029605629,0.8226172412407653,True,6
log1p+minmax,MiniBatchKMeans,"{'batch_size': 3072, 'init': 'k-means++', 'max_iter': 300, 'max_no_improvement': 20, 'n_clusters': 6, 'n_init': 20, 'tol': 0.0}",6,0.5645544546591392,0.8245042624054563,True,6
log1p+minmax,MiniBatchKMeans,"{'batch_size': 3072, 'init': 'k-means++', 'max_iter': 500, 'max_no_improvement': 20, 'n_clusters': 6, 'n_init': 20, 'tol': 0.0}",6,0.5645544546591392,0.8245042624054563,True,6
log1p+minmax,MiniBatchKMeans,"{'batch_size': 3072, 'init': 'k-means++', 'max_iter': 300, 'max_no_improvement': 10, 'n_clusters': 6, 'n_init': 10, 'tol': 0.0}",6,0.5645315482529704,0.8246332926312787,True,6
log1p+minmax,MiniBatchKMeans,"{'batch_size': 3072, 'init': 'k-means++', 'max_iter': 500, 'max_no_improvement': 10, 'n_clusters': 6, 'n_init': 10, 'tol': 0.0}",6,0.5645315482529704,0.8246332926312787,True,6
log1p+minmax,MiniBatchKMeans,"{'batch_size': 3072, 'init': 'k-means++', 'max_iter': 300, 'max_no_improvement': 10, 'n_clusters': 7, 'n_init': 10, 'tol': 0.0}",7,0.5644989915225533,0.836536544217645,True,7
log1p+minmax,MiniBatchKMeans,"{'batch_size': 3072, 'init': 'k-means++', 'max_iter': 500, 'max_no_improvement': 10, 'n_clusters': 7, 'n_init': 10, 'tol': 0.0}",7,0.5644989915225533,0.836536544217645,True,7
log1p+minmax,MiniBatchKMeans,"{'batch_size': 3072, 'init': 'k-means++', 'max_iter': 300, 'max_no_improvement': 10, 'n_clusters': 7, 'n_init': 10, 'tol': 0.001}",7,0.5644668608413232,0.836768575362567,True,7
log1p+minmax,MiniBatchKMeans,"{'batch_size': 3072, 'init': 'k-means++', 'max_iter': 300, 'max_no_improvement': 20, 'n_clusters': 7, 'n_init': 10, 'tol': 0.001}",7,0.5644668608413232,0.836768575362567,True,7
log1p+minmax,MiniBatchKMeans,"{'batch_size': 3072, 'init': 'k-means++', 'max_iter': 500, 'max_no_improvement': 10, 'n_clusters': 7, 'n_init': 10, 'tol': 0.001}",7,0.5644668608413232,0.836768575362567,True,7
log1p+minmax,MiniBatchKMeans,"{'batch_size': 3072, 'init': 'k-means++', 'max_iter': 500, 'max_no_improvement': 20, 'n_clusters': 7, 'n_init': 10, 'tol': 0.001}",7,0.5644668608413232,0.836768575362567,True,7
log1p+minmax,KMeans,"{'init': 'k-means++', 'max_iter': 300, 'n_clusters': 7, 'n_init': 10, 'tol': 0.0001}",7,0.564377796172748,0.8454445663203465,True,7
log1p+minmax,KMeans,"{'init': 'k-means++', 'max_iter': 300, 'n_clusters': 7, 'n_init': 10, 'tol': 0.001}",7,0.564377796172748,0.8454445663203465,True,7
log1p+minmax,KMeans,"{'init': 'k-means++', 'max_iter': 300, 'n_clusters': 7, 'n_init': 20, 'tol': 0.0001}",7,0.564377796172748,0.8454445663203465,True,7
log1p+minmax,KMeans,"{'init': 'k-means++', 'max_iter': 300, 'n_clusters': 7, 'n_init': 20, 'tol': 0.001}",7,0.564377796172748,0.8454445663203465,True,7
log1p+minmax,KMeans,"{'init': 'k-means++', 'max_iter': 500, 'n_clusters': 7, 'n_init': 10, 'tol': 0.0001}",7,0.564377796172748,0.8454445663203465,True,7
log1p+minmax,KMeans,"{'init': 'k-means++', 'max_iter': 500, 'n_clusters': 7, 'n_init': 10, 'tol': 0.001}",7,0.564377796172748,0.8454445663203465,True,7
log1p+minmax,KMeans,"{'init': 'k-means++', 'max_iter': 500, 'n_clusters': 7, 'n_init': 20, 'tol': 0.0001}",7,0.564377796172748,0.8454445663203465,True,7
log1p+minmax,KMeans,"{'init': 'k-means++', 'max_iter': 500, 'n_clusters': 7, 'n_init': 20, 'tol': 0.001}",7,0.564377796172748,0.8454445663203465,True,7
log1p+minmax,MiniBatchKMeans,"{'batch_size': 3072, 'init': 'k-means++', 'max_iter': 300, 'max_no_improvement': 20, 'n_clusters': 7, 'n_init': 10, 'tol': 0.0}",7,0.564262348826169,0.8375393360662619,True,7
log1p+minmax,MiniBatchKMeans,"{'batch_size': 3072, 'init': 'k-means++', 'max_iter': 500, 'max_no_improvement': 20, 'n_clusters': 7, 'n_init': 10, 'tol': 0.0}",7,0.564262348826169,0.8375393360662619,True,7
log1p+minmax,MiniBatchKMeans,"{'batch_size': 3072, 'init': 'k-means++', 'max_iter': 300, 'max_no_improvement': 20, 'n_clusters': 7, 'n_init': 20, 'tol': 0.0}",7,0.5604942596560021,0.8656939693850342,True,7
log1p+minmax,MiniBatchKMeans,"{'batch_size': 3072, 'init': 'k-means++', 'max_iter': 500, 'max_no_improvement': 20, 'n_clusters': 7, 'n_init': 20, 'tol': 0.0}",7,0.5604942596560021,0.8656939693850342,True,7
log1p+minmax,MiniBatchKMeans,"{'batch_size': 3072, 'init': 'k-means++', 'max_iter': 300, 'max_no_improvement': 10, 'n_clusters': 7, 'n_init': 20, 'tol': 0.0}",7,0.5603117492648476,0.8674164347013148,True,7
log1p+minmax,MiniBatchKMeans,"{'batch_size': 3072, 'init': 'k-means++', 'max_iter': 500, 'max_no_improvement': 10, 'n_clusters': 7, 'n_init': 20, 'tol': 0.0}",7,0.5603117492648476,0.8674164347013148,True,7
log1p+minmax,MiniBatchKMeans,"{'batch_size': 3072, 'init': 'k-means++', 'max_iter': 300, 'max_no_improvement': 10, 'n_clusters': 7, 'n_init': 20, 'tol': 0.001}",7,0.5599677904323381,0.8725646990707148,True,7
log1p+minmax,MiniBatchKMeans,"{'batch_size': 3072, 'init': 'k-means++', 'max_iter': 300, 'max_no_improvement': 20, 'n_clusters': 7, 'n_init': 20, 'tol': 0.001}",7,0.5599677904323381,0.8725646990707148,True,7
log1p+minmax,MiniBatchKMeans,"{'batch_size': 3072, 'init': 'k-means++', 'max_iter': 500, 'max_no_improvement': 10, 'n_clusters': 7, 'n_init': 20, 'tol': 0.001}",7,0.5599677904323381,0.8725646990707148,True,7
log1p+minmax,MiniBatchKMeans,"{'batch_size': 3072, 'init': 'k-means++', 'max_iter': 500, 'max_no_improvement': 20, 'n_clusters': 7, 'n_init': 20, 'tol': 0.001}",7,0.5599677904323381,0.8725646990707148,True,7
log1p+minmax,MiniBatchKMeans,"{'batch_size': 3072, 'init': 'random', 'max_iter': 300, 'max_no_improvement': 10, 'n_clusters': 7, 'n_init': 20, 'tol': 0.001}",7,0.5578041436759623,0.6633330376837003,True,7
log1p+minmax,MiniBatchKMeans,"{'batch_size': 3072, 'init': 'random', 'max_iter': 300, 'max_no_improvement': 20, 'n_clusters': 7, 'n_init': 20, 'tol': 0.001}",7,0.5578041436759623,0.6633330376837003,True,7
log1p+minmax,MiniBatchKMeans,"{'batch_size': 3072, 'init': 'random', 'max_iter': 500, 'max_no_improvement': 10, 'n_clusters': 7, 'n_init': 20, 'tol': 0.001}",7,0.5578041436759623,0.6633330376837003,True,7
log1p+minmax,MiniBatchKMeans,"{'batch_size': 3072, 'init': 'random', 'max_iter': 500, 'max_no_improvement': 20, 'n_clusters': 7, 'n_init': 20, 'tol': 0.001}",7,0.5578041436759623,0.6633330376837003,True,7
log1p+minmax,MiniBatchKMeans,"{'batch_size': 3072, 'init': 'random', 'max_iter': 300, 'max_no_improvement': 10, 'n_clusters': 7, 'n_init': 20, 'tol': 0.0}",7,0.5568842156794956,0.6631128687154279,True,7
log1p+minmax,MiniBatchKMeans,"{'batch_size': 3072, 'init': 'random', 'max_iter': 500, 'max_no_improvement': 10, 'n_clusters': 7, 'n_init': 20, 'tol': 0.0}",7,0.5568842156794956,0.6631128687154279,True,7
log1p+minmax,MiniBatchKMeans,"{'batch_size': 3072, 'init': 'random', 'max_iter': 300, 'max_no_improvement': 20, 'n_clusters': 7, 'n_init': 20, 'tol': 0.0}",7,0.5555888271818629,0.6623963373902535,True,7
log1p+minmax,MiniBatchKMeans,"{'batch_size': 3072, 'init': 'random', 'max_iter': 500, 'max_no_improvement': 20, 'n_clusters': 7, 'n_init': 20, 'tol': 0.0}",7,0.5555888271818629,0.6623963373902535,True,7
log1p+minmax,MiniBatchKMeans,"{'batch_size': 3072, 'init': 'random', 'max_iter': 300, 'max_no_improvement': 10, 'n_clusters': 5, 'n_init': 20, 'tol': 0.001}",5,0.5503564545316543,0.7495635743773068,True,5
log1p+minmax,MiniBatchKMeans,"{'batch_size': 3072, 'init': 'random', 'max_iter': 300, 'max_no_improvement': 20, 'n_clusters': 5, 'n_init': 20, 'tol': 0.001}",5,0.5503564545316543,0.7495635743773068,True,5
log1p+minmax,MiniBatchKMeans,"{'batch_size': 3072, 'init': 'random', 'max_iter': 500, 'max_no_improvement': 10, 'n_clusters': 5, 'n_init': 20, 'tol': 0.001}",5,0.5503564545316543,0.7495635743773068,True,5
log1p+minmax,MiniBatchKMeans,"{'batch_size': 3072, 'init': 'random', 'max_iter': 500, 'max_no_improvement': 20, 'n_clusters': 5, 'n_init': 20, 'tol': 0.001}",5,0.5503564545316543,0.7495635743773068,True,5
log1p+minmax,MiniBatchKMeans,"{'batch_size': 3072, 'init': 'random', 'max_iter': 300, 'max_no_improvement': 10, 'n_clusters': 5, 'n_init': 10, 'tol': 0.001}",5,0.550024210348685,0.7463460608454093,True,5
log1p+minmax,MiniBatchKMeans,"{'batch_size': 3072, 'init': 'random', 'max_iter': 300, 'max_no_improvement': 20, 'n_clusters': 5, 'n_init': 10, 'tol': 0.001}",5,0.550024210348685,0.7463460608454093,True,5
log1p+minmax,MiniBatchKMeans,"{'batch_size': 3072, 'init': 'random', 'max_iter': 500, 'max_no_improvement': 10, 'n_clusters': 5, 'n_init': 10, 'tol': 0.001}",5,0.550024210348685,0.7463460608454093,True,5
log1p+minmax,MiniBatchKMeans,"{'batch_size': 3072, 'init': 'random', 'max_iter': 500, 'max_no_improvement': 20, 'n_clusters': 5, 'n_init': 10, 'tol': 0.001}",5,0.550024210348685,0.7463460608454093,True,5
log1p+minmax,MiniBatchKMeans,"{'batch_size': 3072, 'init': 'random', 'max_iter': 300, 'max_no_improvement': 10, 'n_clusters': 5, 'n_init': 20, 'tol': 0.0}",5,0.5499238244841886,0.7470101979898365,True,5
log1p+minmax,MiniBatchKMeans,"{'batch_size': 3072, 'init': 'random', 'max_iter': 500, 'max_no_improvement': 10, 'n_clusters': 5, 'n_init': 20, 'tol': 0.0}",5,0.5499238244841886,0.7470101979898365,True,5
log1p+minmax,MiniBatchKMeans,"{'batch_size': 3072, 'init': 'random', 'max_iter': 300, 'max_no_improvement': 20, 'n_clusters': 5, 'n_init': 20, 'tol': 0.0}",5,0.5492827013851074,0.7481909480276656,True,5
log1p+minmax,MiniBatchKMeans,"{'batch_size': 3072, 'init': 'random', 'max_iter': 500, 'max_no_improvement': 20, 'n_clusters': 5, 'n_init': 20, 'tol': 0.0}",5,0.5492827013851074,0.7481909480276656,True,5
log1p+minmax,MiniBatchKMeans,"{'batch_size': 3072, 'init': 'random', 'max_iter': 300, 'max_no_improvement': 10, 'n_clusters': 5, 'n_init': 10, 'tol': 0.0}",5,0.549151066717986,0.7475869242346638,True,5
log1p+minmax,MiniBatchKMeans,"{'batch_size': 3072, 'init': 'random', 'max_iter': 500, 'max_no_improvement': 10, 'n_clusters': 5, 'n_init': 10, 'tol': 0.0}",5,0.549151066717986,0.7475869242346638,True,5
log1p+minmax,MiniBatchKMeans,"{'batch_size': 3072, 'init': 'random', 'max_iter': 300, 'max_no_improvement': 20, 'n_clusters': 5, 'n_init': 10, 'tol': 0.0}",5,0.5486316884859692,0.7481520645465811,True,5
log1p+minmax,MiniBatchKMeans,"{'batch_size': 3072, 'init': 'random', 'max_iter': 500, 'max_no_improvement': 20, 'n_clusters': 5, 'n_init': 10, 'tol': 0.0}",5,0.5486316884859692,0.7481520645465811,True,5
log1p+minmax,MiniBatchKMeans,"{'batch_size': 3072, 'init': 'k-means++', 'max_iter': 300, 'max_no_improvement': 10, 'n_clusters': 6, 'n_init': 20, 'tol': 0.0}",6,0.5407122784029438,0.8337304635082025,True,6
log1p+minmax,MiniBatchKMeans,"{'batch_size': 3072, 'init': 'k-means++', 'max_iter': 500, 'max_no_improvement': 10, 'n_clusters': 6, 'n_init': 20, 'tol': 0.0}",6,0.5407122784029438,0.8337304635082025,True,6
log1p+minmax,MiniBatchKMeans,"{'batch_size': 3072, 'init': 'k-means++', 'max_iter': 300, 'max_no_improvement': 10, 'n_clusters': 6, 'n_init': 20, 'tol': 0.001}",6,0.5401487748886791,0.8406446127802457,True,6
log1p+minmax,MiniBatchKMeans,"{'batch_size': 3072, 'init': 'k-means++', 'max_iter': 300, 'max_no_improvement': 20, 'n_clusters': 6, 'n_init': 20, 'tol': 0.001}",6,0.5401487748886791,0.8406446127802457,True,6
log1p+minmax,MiniBatchKMeans,"{'batch_size': 3072, 'init': 'k-means++', 'max_iter': 500, 'max_no_improvement': 10, 'n_clusters': 6, 'n_init': 20, 'tol': 0.001}",6,0.5401487748886791,0.8406446127802457,True,6
log1p+minmax,MiniBatchKMeans,"{'batch_size': 3072, 'init': 'k-means++', 'max_iter': 500, 'max_no_improvement': 20, 'n_clusters': 6, 'n_init': 20, 'tol': 0.001}",6,0.5401487748886791,0.8406446127802457,True,6
log1p+minmax,MiniBatchKMeans,"{'batch_size': 3072, 'init': 'k-means++', 'max_iter': 300, 'max_no_improvement': 10, 'n_clusters': 6, 'n_init': 10, 'tol': 0.001}",6,0.5391557634433031,0.8419308886586688,True,6
log1p+minmax,MiniBatchKMeans,"{'batch_size': 3072, 'init': 'k-means++', 'max_iter': 300, 'max_no_improvement': 20, 'n_clusters': 6, 'n_init': 10, 'tol': 0.001}",6,0.5391557634433031,0.8419308886586688,True,6
log1p+minmax,MiniBatchKMeans,"{'batch_size': 3072, 'init': 'k-means++', 'max_iter': 500, 'max_no_improvement': 10, 'n_clusters': 6, 'n_init': 10, 'tol': 0.001}",6,0.5391557634433031,0.8419308886586688,True,6
log1p+minmax,MiniBatchKMeans,"{'batch_size': 3072, 'init': 'k-means++', 'max_iter': 500, 'max_no_improvement': 20, 'n_clusters': 6, 'n_init': 10, 'tol': 0.001}",6,0.5391557634433031,0.8419308886586688,True,6
log1p+minmax,MiniBatchKMeans,"{'batch_size': 3072, 'init': 'random', 'max_iter': 300, 'max_no_improvement': 10, 'n_clusters': 6, 'n_init': 20, 'tol': 0.001}",6,0.4922183521512125,0.7814763758339652,True,6
log1p+minmax,MiniBatchKMeans,"{'batch_size': 3072, 'init': 'random', 'max_iter': 300, 'max_no_improvement': 20, 'n_clusters': 6, 'n_init': 20, 'tol': 0.001}",6,0.4922183521512125,0.7814763758339652,True,6
log1p+minmax,MiniBatchKMeans,"{'batch_size': 3072, 'init': 'random', 'max_iter': 500, 'max_no_improvement': 10, 'n_clusters': 6, 'n_init': 20, 'tol': 0.001}",6,0.4922183521512125,0.7814763758339652,True,6
log1p+minmax,MiniBatchKMeans,"{'batch_size': 3072, 'init': 'random', 'max_iter': 500, 'max_no_improvement': 20, 'n_clusters': 6, 'n_init': 20, 'tol': 0.001}",6,0.4922183521512125,0.7814763758339652,True,6
log1p+minmax,MiniBatchKMeans,"{'batch_size': 3072, 'init': 'random', 'max_iter': 300, 'max_no_improvement': 10, 'n_clusters': 6, 'n_init': 10, 'tol': 0.001}",6,0.489099651939102,0.7816597953374397,True,6
log1p+minmax,MiniBatchKMeans,"{'batch_size': 3072, 'init': 'random', 'max_iter': 300, 'max_no_improvement': 20, 'n_clusters': 6, 'n_init': 10, 'tol': 0.001}",6,0.489099651939102,0.7816597953374397,True,6
log1p+minmax,MiniBatchKMeans,"{'batch_size': 3072, 'init': 'random', 'max_iter': 500, 'max_no_improvement': 10, 'n_clusters': 6, 'n_init': 10, 'tol': 0.001}",6,0.489099651939102,0.7816597953374397,True,6
log1p+minmax,MiniBatchKMeans,"{'batch_size': 3072, 'init': 'random', 'max_iter': 500, 'max_no_improvement': 20, 'n_clusters': 6, 'n_init': 10, 'tol': 0.001}",6,0.489099651939102,0.7816597953374397,True,6
log1p+minmax,MiniBatchKMeans,"{'batch_size': 3072, 'init': 'random', 'max_iter': 300, 'max_no_improvement': 10, 'n_clusters': 6, 'n_init': 10, 'tol': 0.0}",6,0.4890256944169559,0.7818276540905978,True,6
log1p+minmax,MiniBatchKMeans,"{'batch_size': 3072, 'init': 'random', 'max_iter': 500, 'max_no_improvement': 10, 'n_clusters': 6, 'n_init': 10, 'tol': 0.0}",6,0.4890256944169559,0.7818276540905978,True,6
log1p+minmax,MiniBatchKMeans,"{'batch_size': 3072, 'init': 'random', 'max_iter': 300, 'max_no_improvement': 10, 'n_clusters': 6, 'n_init': 20, 'tol': 0.0}",6,0.4887530498067378,0.7815330907667949,True,6
log1p+minmax,MiniBatchKMeans,"{'batch_size': 3072, 'init': 'random', 'max_iter': 500, 'max_no_improvement': 10, 'n_clusters': 6, 'n_init': 20, 'tol': 0.0}",6,0.4887530498067378,0.7815330907667949,True,6
log1p+minmax,MiniBatchKMeans,"{'batch_size': 3072, 'init': 'random', 'max_iter': 300, 'max_no_improvement': 20, 'n_clusters': 6, 'n_init': 20, 'tol': 0.0}",6,0.4874630817007118,0.78202403042039,True,6
log1p+minmax,MiniBatchKMeans,"{'batch_size': 3072, 'init': 'random', 'max_iter': 500, 'max_no_improvement': 20, 'n_clusters': 6, 'n_init': 20, 'tol': 0.0}",6,0.4874630817007118,0.78202403042039,True,6
log1p+minmax,MiniBatchKMeans,"{'batch_size': 3072, 'init': 'random', 'max_iter': 300, 'max_no_improvement': 20, 'n_clusters': 6, 'n_init': 10, 'tol': 0.0}",6,0.4807930645419507,0.7831413411884163,True,6
log1p+minmax,MiniBatchKMeans,"{'batch_size': 3072, 'init': 'random', 'max_iter': 500, 'max_no_improvement': 20, 'n_clusters': 6, 'n_init': 10, 'tol': 0.0}",6,0.4807930645419507,0.7831413411884163,True,6
log1p+minmax,MiniBatchKMeans,"{'batch_size': 3072, 'init': 'random', 'max_iter': 300, 'max_no_improvement': 20, 'n_clusters': 7, 'n_init': 10, 'tol': 0.0}",7,0.46202531894309257,0.8735152044597091,True,7
log1p+minmax,MiniBatchKMeans,"{'batch_size': 3072, 'init': 'random', 'max_iter': 500, 'max_no_improvement': 20, 'n_clusters': 7, 'n_init': 10, 'tol': 0.0}",7,0.46202531894309257,0.8735152044597091,True,7
log1p+minmax,MiniBatchKMeans,"{'batch_size': 3072, 'init': 'random', 'max_iter': 300, 'max_no_improvement': 10, 'n_clusters': 7, 'n_init': 10, 'tol': 0.0}",7,0.45973955221497154,0.8771584207483579,True,7
log1p+minmax,MiniBatchKMeans,"{'batch_size': 3072, 'init': 'random', 'max_iter': 500, 'max_no_improvement': 10, 'n_clusters': 7, 'n_init': 10, 'tol': 0.0}",7,0.45973955221497154,0.8771584207483579,True,7
log1p+minmax,MiniBatchKMeans,"{'batch_size': 3072, 'init': 'random', 'max_iter': 300, 'max_no_improvement': 10, 'n_clusters': 7, 'n_init': 10, 'tol': 0.001}",7,0.4556316819661797,0.8789630784205267,True,7
log1p+minmax,MiniBatchKMeans,"{'batch_size': 3072, 'init': 'random', 'max_iter': 300, 'max_no_improvement': 20, 'n_clusters': 7, 'n_init': 10, 'tol': 0.001}",7,0.4556316819661797,0.8789630784205267,True,7
log1p+minmax,MiniBatchKMeans,"{'batch_size': 3072, 'init': 'random', 'max_iter': 500, 'max_no_improvement': 10, 'n_clusters': 7, 'n_init': 10, 'tol': 0.001}",7,0.4556316819661797,0.8789630784205267,True,7
log1p+minmax,MiniBatchKMeans,"{'batch_size': 3072, 'init': 'random', 'max_iter': 500, 'max_no_improvement': 20, 'n_clusters': 7, 'n_init': 10, 'tol': 0.001}",7,0.4556316819661797,0.8789630784205267,True,7
log1p+robust,MiniBatchKMeans,"{'batch_size': 3072, 'init': 'k-means++', 'max_iter': 300, 'max_no_improvement': 10, 'n_clusters': 3, 'n_init': 20, 'tol': 0.001}",3,0.7181312278814903,0.8183758249598866,True,3
log1p+robust,MiniBatchKMeans,"{'batch_size': 3072, 'init': 'k-means++', 'max_iter': 300, 'max_no_improvement': 20, 'n_clusters': 3, 'n_init': 20, 'tol': 0.001}",3,0.7181312278814903,0.8183758249598866,True,3
log1p+robust,MiniBatchKMeans,"{'batch_size': 3072, 'init': 'k-means++', 'max_iter': 500, 'max_no_improvement': 10, 'n_clusters': 3, 'n_init': 20, 'tol': 0.001}",3,0.7181312278814903,0.8183758249598866,True,3
log1p+robust,MiniBatchKMeans,"{'batch_size': 3072, 'init': 'k-means++', 'max_iter': 500, 'max_no_improvement': 20, 'n_clusters': 3, 'n_init': 20, 'tol': 0.001}",3,0.7181312278814903,0.8183758249598866,True,3
log1p+robust,MiniBatchKMeans,"{'batch_size': 3072, 'init': 'k-means++', 'max_iter': 300, 'max_no_improvement': 20, 'n_clusters': 3, 'n_init': 20, 'tol': 0.0}",3,0.7180785321089304,0.8143672880481189,True,3
log1p+robust,MiniBatchKMeans,"{'batch_size': 3072, 'init': 'k-means++', 'max_iter': 500, 'max_no_improvement': 20, 'n_clusters': 3, 'n_init': 20, 'tol': 0.0}",3,0.7180785321089304,0.8143672880481189,True,3
log1p+robust,MiniBatchKMeans,"{'batch_size': 3072, 'init': 'k-means++', 'max_iter': 300, 'max_no_improvement': 10, 'n_clusters': 3, 'n_init': 20, 'tol': 0.0}",3,0.7180770009394867,0.8157710137189033,True,3
log1p+robust,MiniBatchKMeans,"{'batch_size': 3072, 'init': 'k-means++', 'max_iter': 500, 'max_no_improvement': 10, 'n_clusters': 3, 'n_init': 20, 'tol': 0.0}",3,0.7180770009394867,0.8157710137189033,True,3
log1p+robust,KMeans,"{'init': 'k-means++', 'max_iter': 300, 'n_clusters': 3, 'n_init': 10, 'tol': 0.0001}",3,0.7175412592295408,0.8103078391958496,True,3
log1p+robust,KMeans,"{'init': 'k-means++', 'max_iter': 300, 'n_clusters': 3, 'n_init': 10, 'tol': 0.001}",3,0.7175412592295408,0.8103078391958496,True,3
log1p+robust,KMeans,"{'init': 'k-means++', 'max_iter': 300, 'n_clusters': 3, 'n_init': 20, 'tol': 0.0001}",3,0.7175412592295408,0.8103078391958496,True,3
log1p+robust,KMeans,"{'init': 'k-means++', 'max_iter': 300, 'n_clusters': 3, 'n_init': 20, 'tol': 0.001}",3,0.7175412592295408,0.8103078391958496,True,3
log1p+robust,KMeans,"{'init': 'k-means++', 'max_iter': 500, 'n_clusters': 3, 'n_init': 10, 'tol': 0.0001}",3,0.7175412592295408,0.8103078391958496,True,3
log1p+robust,KMeans,"{'init': 'k-means++', 'max_iter': 500, 'n_clusters': 3, 'n_init': 10, 'tol': 0.001}",3,0.7175412592295408,0.8103078391958496,True,3
log1p+robust,KMeans,"{'init': 'k-means++', 'max_iter': 500, 'n_clusters': 3, 'n_init': 20, 'tol': 0.0001}",3,0.7175412592295408,0.8103078391958496,True,3
log1p+robust,KMeans,"{'init': 'k-means++', 'max_iter': 500, 'n_clusters': 3, 'n_init': 20, 'tol': 0.001}",3,0.7175412592295408,0.8103078391958496,True,3
log1p+robust,KMeans,"{'init': 'random', 'max_iter': 300, 'n_clusters': 3, 'n_init': 20, 'tol': 0.0001}",3,0.7175412592295408,0.8103078391958496,True,3
log1p+robust,KMeans,"{'init': 'random', 'max_iter': 300, 'n_clusters': 3, 'n_init': 20, 'tol': 0.001}",3,0.7175412592295408,0.8103078391958496,True,3
log1p+robust,KMeans,"{'init': 'random', 'max_iter': 500, 'n_clusters': 3, 'n_init': 20, 'tol': 0.0001}",3,0.7175412592295408,0.8103078391958496,True,3
log1p+robust,KMeans,"{'init': 'random', 'max_iter': 500, 'n_clusters': 3, 'n_init': 20, 'tol': 0.001}",3,0.7175412592295408,0.8103078391958496,True,3
log1p+robust,MiniBatchKMeans,"{'batch_size': 3072, 'init': 'k-means++', 'max_iter': 300, 'max_no_improvement': 10, 'n_clusters': 3, 'n_init': 10, 'tol': 0.001}",3,0.7175238876178569,0.8106424553993271,True,3
log1p+robust,MiniBatchKMeans,"{'batch_size': 3072, 'init': 'k-means++', 'max_iter': 300, 'max_no_improvement': 20, 'n_clusters': 3, 'n_init': 10, 'tol': 0.001}",3,0.7175238876178569,0.8106424553993271,True,3
log1p+robust,MiniBatchKMeans,"{'batch_size': 3072, 'init': 'k-means++', 'max_iter': 500, 'max_no_improvement': 10, 'n_clusters': 3, 'n_init': 10, 'tol': 0.001}",3,0.7175238876178569,0.8106424553993271,True,3
log1p+robust,MiniBatchKMeans,"{'batch_size': 3072, 'init': 'k-means++', 'max_iter': 500, 'max_no_improvement': 20, 'n_clusters': 3, 'n_init': 10, 'tol': 0.001}",3,0.7175238876178569,0.8106424553993271,True,3
log1p+robust,MiniBatchKMeans,"{'batch_size': 3072, 'init': 'k-means++', 'max_iter': 300, 'max_no_improvement': 20, 'n_clusters': 3, 'n_init': 10, 'tol': 0.0}",3,0.7175067408960191,0.8100748061178389,True,3
log1p+robust,MiniBatchKMeans,"{'batch_size': 3072, 'init': 'k-means++', 'max_iter': 500, 'max_no_improvement': 20, 'n_clusters': 3, 'n_init': 10, 'tol': 0.0}",3,0.7175067408960191,0.8100748061178389,True,3
log1p+robust,MiniBatchKMeans,"{'batch_size': 3072, 'init': 'k-means++', 'max_iter': 300, 'max_no_improvement': 10, 'n_clusters': 3, 'n_init': 10, 'tol': 0.0}",3,0.717496928136425,0.8099577659619146,True,3
log1p+robust,MiniBatchKMeans,"{'batch_size': 3072, 'init': 'k-means++', 'max_iter': 500, 'max_no_improvement': 10, 'n_clusters': 3, 'n_init': 10, 'tol': 0.0}",3,0.717496928136425,0.8099577659619146,True,3
log1p+robust,MiniBatchKMeans,"{'batch_size': 3072, 'init': 'random', 'max_iter': 300, 'max_no_improvement': 10, 'n_clusters': 3, 'n_init': 20, 'tol': 0.001}",3,0.7159541034118839,0.7951211560317052,True,3
log1p+robust,MiniBatchKMeans,"{'batch_size': 3072, 'init': 'random', 'max_iter': 300, 'max_no_improvement': 20, 'n_clusters': 3, 'n_init': 20, 'tol': 0.001}",3,0.7159541034118839,0.7951211560317052,True,3
log1p+robust,MiniBatchKMeans,"{'batch_size': 3072, 'init': 'random', 'max_iter': 500, 'max_no_improvement': 10, 'n_clusters': 3, 'n_init': 20, 'tol': 0.001}",3,0.7159541034118839,0.7951211560317052,True,3
log1p+robust,MiniBatchKMeans,"{'batch_size': 3072, 'init': 'random', 'max_iter': 500, 'max_no_improvement': 20, 'n_clusters': 3, 'n_init': 20, 'tol': 0.001}",3,0.7159541034118839,0.7951211560317052,True,3
log1p+robust,MiniBatchKMeans,"{'batch_size': 3072, 'init': 'random', 'max_iter': 300, 'max_no_improvement': 10, 'n_clusters': 3, 'n_init': 10, 'tol': 0.001}",3,0.7156149437778564,0.792151671076811,True,3
log1p+robust,MiniBatchKMeans,"{'batch_size': 3072, 'init': 'random', 'max_iter': 300, 'max_no_improvement': 20, 'n_clusters': 3, 'n_init': 10, 'tol': 0.001}",3,0.7156149437778564,0.792151671076811,True,3
log1p+robust,MiniBatchKMeans,"{'batch_size': 3072, 'init': 'random', 'max_iter': 500, 'max_no_improvement': 10, 'n_clusters': 3, 'n_init': 10, 'tol': 0.001}",3,0.7156149437778564,0.792151671076811,True,3
log1p+robust,MiniBatchKMeans,"{'batch_size': 3072, 'init': 'random', 'max_iter': 500, 'max_no_improvement': 20, 'n_clusters': 3, 'n_init': 10, 'tol': 0.001}",3,0.7156149437778564,0.792151671076811,True,3
log1p+robust,MiniBatchKMeans,"{'batch_size': 3072, 'init': 'random', 'max_iter': 300, 'max_no_improvement': 10, 'n_clusters': 3, 'n_init': 20, 'tol': 0.0}",3,0.7151724996873793,0.7985648712602038,True,3
log1p+robust,MiniBatchKMeans,"{'batch_size': 3072, 'init': 'random', 'max_iter': 500, 'max_no_improvement': 10, 'n_clusters': 3, 'n_init': 20, 'tol': 0.0}",3,0.7151724996873793,0.7985648712602038,True,3
log1p+robust,MiniBatchKMeans,"{'batch_size': 3072, 'init': 'random', 'max_iter': 300, 'max_no_improvement': 20, 'n_clusters': 3, 'n_init': 20, 'tol': 0.0}",3,0.7148740015850772,0.8010164919213151,True,3
log1p+robust,MiniBatchKMeans,"{'batch_size': 3072, 'init': 'random', 'max_iter': 500, 'max_no_improvement': 20, 'n_clusters': 3, 'n_init': 20, 'tol': 0.0}",3,0.7148740015850772,0.8010164919213151,True,3
log1p+robust,MiniBatchKMeans,"{'batch_size': 3072, 'init': 'random', 'max_iter': 300, 'max_no_improvement': 10, 'n_clusters': 3, 'n_init': 10, 'tol': 0.0}",3,0.7147310805220607,0.7983461769149929,True,3
log1p+robust,MiniBatchKMeans,"{'batch_size': 3072, 'init': 'random', 'max_iter': 500, 'max_no_improvement': 10, 'n_clusters': 3, 'n_init': 10, 'tol': 0.0}",3,0.7147310805220607,0.7983461769149929,True,3
log1p+robust,MiniBatchKMeans,"{'batch_size': 3072, 'init': 'random', 'max_iter': 300, 'max_no_improvement': 20, 'n_clusters': 3, 'n_init': 10, 'tol': 0.0}",3,0.7144974193373361,0.8019217399720194,True,3
log1p+robust,MiniBatchKMeans,"{'batch_size': 3072, 'init': 'random', 'max_iter': 500, 'max_no_improvement': 20, 'n_clusters': 3, 'n_init': 10, 'tol': 0.0}",3,0.7144974193373361,0.8019217399720194,True,3
log1p+robust,KMeans,"{'init': 'random', 'max_iter': 300, 'n_clusters': 3, 'n_init': 10, 'tol': 0.001}",3,0.7137956227508047,0.8023758327131568,True,3
log1p+robust,KMeans,"{'init': 'random', 'max_iter': 500, 'n_clusters': 3, 'n_init': 10, 'tol': 0.001}",3,0.7137956227508047,0.8023758327131568,True,3
log1p+robust,KMeans,"{'init': 'random', 'max_iter': 300, 'n_clusters': 3, 'n_init': 10, 'tol': 0.0001}",3,0.7137681269707802,0.8025591322646023,True,3
log1p+robust,KMeans,"{'init': 'random', 'max_iter': 500, 'n_clusters': 3, 'n_init': 10, 'tol': 0.0001}",3,0.7137681269707802,0.8025591322646023,True,3
log1p+robust,MiniBatchKMeans,"{'batch_size': 3072, 'init': 'k-means++', 'max_iter': 300, 'max_no_improvement': 10, 'n_clusters': 4, 'n_init': 20, 'tol': 0.001}",4,0.6970627387815003,0.6646043936089819,True,4
log1p+robust,MiniBatchKMeans,"{'batch_size': 3072, 'init': 'k-means++', 'max_iter': 300, 'max_no_improvement': 20, 'n_clusters': 4, 'n_init': 20, 'tol': 0.001}",4,0.6970627387815003,0.6646043936089819,True,4
log1p+robust,MiniBatchKMeans,"{'batch_size': 3072, 'init': 'k-means++', 'max_iter': 500, 'max_no_improvement': 10, 'n_clusters': 4, 'n_init': 20, 'tol': 0.001}",4,0.6970627387815003,0.6646043936089819,True,4
log1p+robust,MiniBatchKMeans,"{'batch_size': 3072, 'init': 'k-means++', 'max_iter': 500, 'max_no_improvement': 20, 'n_clusters': 4, 'n_init': 20, 'tol': 0.001}",4,0.6970627387815003,0.6646043936089819,True,4
log1p+robust,MiniBatchKMeans,"{'batch_size': 3072, 'init': 'k-means++', 'max_iter': 300, 'max_no_improvement': 10, 'n_clusters': 4, 'n_init': 20, 'tol': 0.0}",4,0.6968427852091577,0.6646718825052362,True,4
log1p+robust,MiniBatchKMeans,"{'batch_size': 3072, 'init': 'k-means++', 'max_iter': 500, 'max_no_improvement': 10, 'n_clusters': 4, 'n_init': 20, 'tol': 0.0}",4,0.6968427852091577,0.6646718825052362,True,4
log1p+robust,MiniBatchKMeans,"{'batch_size': 3072, 'init': 'k-means++', 'max_iter': 300, 'max_no_improvement': 20, 'n_clusters': 4, 'n_init': 20, 'tol': 0.0}",4,0.6967510836166189,0.6645915500733475,True,4
log1p+robust,MiniBatchKMeans,"{'batch_size': 3072, 'init': 'k-means++', 'max_iter': 500, 'max_no_improvement': 20, 'n_clusters': 4, 'n_init': 20, 'tol': 0.0}",4,0.6967510836166189,0.6645915500733475,True,4
log1p+robust,MiniBatchKMeans,"{'batch_size': 3072, 'init': 'k-means++', 'max_iter': 300, 'max_no_improvement': 20, 'n_clusters': 4, 'n_init': 10, 'tol': 0.0}",4,0.6967102189220487,0.6645365528108798,True,4
log1p+robust,MiniBatchKMeans,"{'batch_size': 3072, 'init': 'k-means++', 'max_iter': 500, 'max_no_improvement': 20, 'n_clusters': 4, 'n_init': 10, 'tol': 0.0}",4,0.6967102189220487,0.6645365528108798,True,4
log1p+robust,KMeans,"{'init': 'k-means++', 'max_iter': 300, 'n_clusters': 4, 'n_init': 20, 'tol': 0.001}",4,0.696399231234126,0.6642419100377159,True,4
log1p+robust,KMeans,"{'init': 'k-means++', 'max_iter': 500, 'n_clusters': 4, 'n_init': 20, 'tol': 0.001}",4,0.696399231234126,0.6642419100377159,True,4
log1p+robust,KMeans,"{'init': 'k-means++', 'max_iter': 300, 'n_clusters': 4, 'n_init': 10, 'tol': 0.0001}",4,0.6963813651058961,0.6641165389663957,True,4
log1p+robust,KMeans,"{'init': 'k-means++', 'max_iter': 300, 'n_clusters': 4, 'n_init': 20, 'tol': 0.0001}",4,0.6963813651058961,0.6641165389663957,True,4
log1p+robust,KMeans,"{'init': 'k-means++', 'max_iter': 500, 'n_clusters': 4, 'n_init': 10, 'tol': 0.0001}",4,0.6963813651058961,0.6641165389663957,True,4
log1p+robust,KMeans,"{'init': 'k-means++', 'max_iter': 500, 'n_clusters': 4, 'n_init': 20, 'tol': 0.0001}",4,0.6963813651058961,0.6641165389663957,True,4
log1p+robust,MiniBatchKMeans,"{'batch_size': 3072, 'init': 'k-means++', 'max_iter': 300, 'max_no_improvement': 10, 'n_clusters': 4, 'n_init': 10, 'tol': 0.001}",4,0.69547126667857,0.6660168583408483,True,4
log1p+robust,MiniBatchKMeans,"{'batch_size': 3072, 'init': 'k-means++', 'max_iter': 300, 'max_no_improvement': 20, 'n_clusters': 4, 'n_init': 10, 'tol': 0.001}",4,0.69547126667857,0.6660168583408483,True,4
log1p+robust,MiniBatchKMeans,"{'batch_size': 3072, 'init': 'k-means++', 'max_iter': 500, 'max_no_improvement': 10, 'n_clusters': 4, 'n_init': 10, 'tol': 0.001}",4,0.69547126667857,0.6660168583408483,True,4
log1p+robust,MiniBatchKMeans,"{'batch_size': 3072, 'init': 'k-means++', 'max_iter': 500, 'max_no_improvement': 20, 'n_clusters': 4, 'n_init': 10, 'tol': 0.001}",4,0.69547126667857,0.6660168583408483,True,4
log1p+robust,MiniBatchKMeans,"{'batch_size': 3072, 'init': 'k-means++', 'max_iter': 300, 'max_no_improvement': 10, 'n_clusters': 4, 'n_init': 10, 'tol': 0.0}",4,0.6952244192793506,0.6659309333414183,True,4
log1p+robust,MiniBatchKMeans,"{'batch_size': 3072, 'init': 'k-means++', 'max_iter': 500, 'max_no_improvement': 10, 'n_clusters': 4, 'n_init': 10, 'tol': 0.0}",4,0.6952244192793506,0.6659309333414183,True,4
log1p+robust,KMeans,"{'init': 'random', 'max_iter': 300, 'n_clusters': 4, 'n_init': 10, 'tol': 0.0001}",4,0.6947819988259181,0.6656950799408156,True,4
log1p+robust,KMeans,"{'init': 'random', 'max_iter': 300, 'n_clusters': 4, 'n_init': 20, 'tol': 0.0001}",4,0.6947819988259181,0.6656950799408156,True,4
log1p+robust,KMeans,"{'init': 'random', 'max_iter': 500, 'n_clusters': 4, 'n_init': 10, 'tol': 0.0001}",4,0.6947819988259181,0.6656950799408156,True,4
log1p+robust,KMeans,"{'init': 'random', 'max_iter': 500, 'n_clusters': 4, 'n_init': 20, 'tol': 0.0001}",4,0.6947819988259181,0.6656950799408156,True,4
log1p+robust,KMeans,"{'init': 'k-means++', 'max_iter': 300, 'n_clusters': 4, 'n_init': 10, 'tol': 0.001}",4,0.6942197862053208,0.665448696957766,True,4
log1p+robust,KMeans,"{'init': 'k-means++', 'max_iter': 500, 'n_clusters': 4, 'n_init': 10, 'tol': 0.001}",4,0.6942197862053208,0.665448696957766,True,4
log1p+robust,KMeans,"{'init': 'random', 'max_iter': 300, 'n_clusters': 4, 'n_init': 10, 'tol': 0.001}",4,0.6937681513397617,0.6652478992141437,True,4
log1p+robust,KMeans,"{'init': 'random', 'max_iter': 300, 'n_clusters': 4, 'n_init': 20, 'tol': 0.001}",4,0.6937681513397617,0.6652478992141437,True,4
log1p+robust,KMeans,"{'init': 'random', 'max_iter': 500, 'n_clusters': 4, 'n_init': 10, 'tol': 0.001}",4,0.6937681513397617,0.6652478992141437,True,4
log1p+robust,KMeans,"{'init': 'random', 'max_iter': 500, 'n_clusters': 4, 'n_init': 20, 'tol': 0.001}",4,0.6937681513397617,0.6652478992141437,True,4
log1p+robust,MiniBatchKMeans,"{'batch_size': 3072, 'init': 'random', 'max_iter': 300, 'max_no_improvement': 20, 'n_clusters': 4, 'n_init': 20, 'tol': 0.0}",4,0.6361048127921622,0.7040249841531856,True,4
log1p+robust,MiniBatchKMeans,"{'batch_size': 3072, 'init': 'random', 'max_iter': 500, 'max_no_improvement': 20, 'n_clusters': 4, 'n_init': 20, 'tol': 0.0}",4,0.6361048127921622,0.7040249841531856,True,4
log1p+robust,MiniBatchKMeans,"{'batch_size': 3072, 'init': 'random', 'max_iter': 300, 'max_no_improvement': 10, 'n_clusters': 4, 'n_init': 20, 'tol': 0.0}",4,0.6296715719322993,0.7074606576626599,True,4
log1p+robust,MiniBatchKMeans,"{'batch_size': 3072, 'init': 'random', 'max_iter': 500, 'max_no_improvement': 10, 'n_clusters': 4, 'n_init': 20, 'tol': 0.0}",4,0.6296715719322993,0.7074606576626599,True,4
log1p+robust,MiniBatchKMeans,"{'batch_size': 3072, 'init': 'random', 'max_iter': 300, 'max_no_improvement': 10, 'n_clusters': 4, 'n_init': 20, 'tol': 0.001}",4,0.6209041685101385,0.7124513839327982,True,4
log1p+robust,MiniBatchKMeans,"{'batch_size': 3072, 'init': 'random', 'max_iter': 300, 'max_no_improvement': 20, 'n_clusters': 4, 'n_init': 20, 'tol': 0.001}",4,0.6209041685101385,0.7124513839327982,True,4
log1p+robust,MiniBatchKMeans,"{'batch_size': 3072, 'init': 'random', 'max_iter': 500, 'max_no_improvement': 10, 'n_clusters': 4, 'n_init': 20, 'tol': 0.001}",4,0.6209041685101385,0.7124513839327982,True,4
log1p+robust,MiniBatchKMeans,"{'batch_size': 3072, 'init': 'random', 'max_iter': 500, 'max_no_improvement': 20, 'n_clusters': 4, 'n_init': 20, 'tol': 0.001}",4,0.6209041685101385,0.7124513839327982,True,4
log1p+robust,KMeans,"{'init': 'random', 'max_iter': 300, 'n_clusters': 7, 'n_init': 10, 'tol': 0.0001}",7,0.5959664707484643,0.6306217852968434,True,7
log1p+robust,KMeans,"{'init': 'random', 'max_iter': 300, 'n_clusters': 7, 'n_init': 10, 'tol': 0.001}",7,0.5959664707484643,0.6306217852968434,True,7
log1p+robust,KMeans,"{'init': 'random', 'max_iter': 500, 'n_clusters': 7, 'n_init': 10, 'tol': 0.0001}",7,0.5959664707484643,0.6306217852968434,True,7
log1p+robust,KMeans,"{'init': 'random', 'max_iter': 500, 'n_clusters': 7, 'n_init': 10, 'tol': 0.001}",7,0.5959664707484643,0.6306217852968434,True,7
log1p+robust,KMeans,"{'init': 'random', 'max_iter': 300, 'n_clusters': 6, 'n_init': 10, 'tol': 0.0001}",6,0.5939767827410671,0.6659308273440085,True,6
log1p+robust,KMeans,"{'init': 'random', 'max_iter': 300, 'n_clusters': 6, 'n_init': 10, 'tol': 0.001}",6,0.5939767827410671,0.6659308273440085,True,6
log1p+robust,KMeans,"{'init': 'random', 'max_iter': 300, 'n_clusters': 6, 'n_init': 20, 'tol': 0.0001}",6,0.5939767827410671,0.6659308273440085,True,6
log1p+robust,KMeans,"{'init': 'random', 'max_iter': 300, 'n_clusters': 6, 'n_init': 20, 'tol': 0.001}",6,0.5939767827410671,0.6659308273440085,True,6
log1p+robust,KMeans,"{'init': 'random', 'max_iter': 500, 'n_clusters': 6, 'n_init': 10, 'tol': 0.0001}",6,0.5939767827410671,0.6659308273440085,True,6
log1p+robust,KMeans,"{'init': 'random', 'max_iter': 500, 'n_clusters': 6, 'n_init': 10, 'tol': 0.001}",6,0.5939767827410671,0.6659308273440085,True,6
log1p+robust,KMeans,"{'init': 'random', 'max_iter': 500, 'n_clusters': 6, 'n_init': 20, 'tol': 0.0001}",6,0.5939767827410671,0.6659308273440085,True,6
log1p+robust,KMeans,"{'init': 'random', 'max_iter': 500, 'n_clusters': 6, 'n_init': 20, 'tol': 0.001}",6,0.5939767827410671,0.6659308273440085,True,6
log1p+robust,KMeans,"{'init': 'k-means++', 'max_iter': 300, 'n_clusters': 6, 'n_init': 10, 'tol': 0.0001}",6,0.5939674292934535,0.6659739532989757,True,6
log1p+robust,KMeans,"{'init': 'k-means++', 'max_iter': 300, 'n_clusters': 6, 'n_init': 10, 'tol': 0.001}",6,0.5939674292934535,0.6659739532989757,True,6
log1p+robust,KMeans,"{'init': 'k-means++', 'max_iter': 300, 'n_clusters': 6, 'n_init': 20, 'tol': 0.0001}",6,0.5939674292934535,0.6659739532989757,True,6
log1p+robust,KMeans,"{'init': 'k-means++', 'max_iter': 300, 'n_clusters': 6, 'n_init': 20, 'tol': 0.001}",6,0.5939674292934535,0.6659739532989757,True,6
log1p+robust,KMeans,"{'init': 'k-means++', 'max_iter': 500, 'n_clusters': 6, 'n_init': 10, 'tol': 0.0001}",6,0.5939674292934535,0.6659739532989757,True,6
log1p+robust,KMeans,"{'init': 'k-means++', 'max_iter': 500, 'n_clusters': 6, 'n_init': 10, 'tol': 0.001}",6,0.5939674292934535,0.6659739532989757,True,6
log1p+robust,KMeans,"{'init': 'k-means++', 'max_iter': 500, 'n_clusters': 6, 'n_init': 20, 'tol': 0.0001}",6,0.5939674292934535,0.6659739532989757,True,6
log1p+robust,KMeans,"{'init': 'k-means++', 'max_iter': 500, 'n_clusters': 6, 'n_init': 20, 'tol': 0.001}",6,0.5939674292934535,0.6659739532989757,True,6
log1p+robust,KMeans,"{'init': 'random', 'max_iter': 300, 'n_clusters': 5, 'n_init': 10, 'tol': 0.0001}",5,0.5900432930751802,0.6586735760851571,True,5
log1p+robust,KMeans,"{'init': 'random', 'max_iter': 300, 'n_clusters': 5, 'n_init': 10, 'tol': 0.001}",5,0.5900432930751802,0.6586735760851571,True,5
log1p+robust,KMeans,"{'init': 'random', 'max_iter': 300, 'n_clusters': 5, 'n_init': 20, 'tol': 0.001}",5,0.5900432930751802,0.6586735760851571,True,5
log1p+robust,KMeans,"{'init': 'random', 'max_iter': 500, 'n_clusters': 5, 'n_init': 10, 'tol': 0.0001}",5,0.5900432930751802,0.6586735760851571,True,5
log1p+robust,KMeans,"{'init': 'random', 'max_iter': 500, 'n_clusters': 5, 'n_init': 10, 'tol': 0.001}",5,0.5900432930751802,0.6586735760851571,True,5
log1p+robust,KMeans,"{'init': 'random', 'max_iter': 500, 'n_clusters': 5, 'n_init': 20, 'tol': 0.001}",5,0.5900432930751802,0.6586735760851571,True,5
log1p+robust,KMeans,"{'init': 'random', 'max_iter': 300, 'n_clusters': 5, 'n_init': 20, 'tol': 0.0001}",5,0.5900291049397283,0.6586085751786834,True,5
log1p+robust,KMeans,"{'init': 'random', 'max_iter': 500, 'n_clusters': 5, 'n_init': 20, 'tol': 0.0001}",5,0.5900291049397283,0.6586085751786834,True,5
log1p+robust,MiniBatchKMeans,"{'batch_size': 3072, 'init': 'k-means++', 'max_iter': 300, 'max_no_improvement': 10, 'n_clusters': 5, 'n_init': 20, 'tol': 0.0}",5,0.5898376238794818,0.6623745477080389,True,5
log1p+robust,MiniBatchKMeans,"{'batch_size': 3072, 'init': 'k-means++', 'max_iter': 500, 'max_no_improvement': 10, 'n_clusters': 5, 'n_init': 20, 'tol': 0.0}",5,0.5898376238794818,0.6623745477080389,True,5
log1p+robust,MiniBatchKMeans,"{'batch_size': 3072, 'init': 'k-means++', 'max_iter': 300, 'max_no_improvement': 20, 'n_clusters': 5, 'n_init': 20, 'tol': 0.0}",5,0.5898017603523054,0.6624939594354513,True,5
log1p+robust,MiniBatchKMeans,"{'batch_size': 3072, 'init': 'k-means++', 'max_iter': 500, 'max_no_improvement': 20, 'n_clusters': 5, 'n_init': 20, 'tol': 0.0}",5,0.5898017603523054,0.6624939594354513,True,5
log1p+robust,KMeans,"{'init': 'k-means++', 'max_iter': 300, 'n_clusters': 5, 'n_init': 10, 'tol': 0.0001}",5,0.5895870226734448,0.6601864481839188,True,5
log1p+robust,KMeans,"{'init': 'k-means++', 'max_iter': 300, 'n_clusters': 5, 'n_init': 20, 'tol': 0.0001}",5,0.5895870226734448,0.6601864481839188,True,5
log1p+robust,KMeans,"{'init': 'k-means++', 'max_iter': 500, 'n_clusters': 5, 'n_init': 10, 'tol': 0.0001}",5,0.5895870226734448,0.6601864481839188,True,5
log1p+robust,KMeans,"{'init': 'k-means++', 'max_iter': 500, 'n_clusters': 5, 'n_init': 20, 'tol': 0.0001}",5,0.5895870226734448,0.6601864481839188,True,5
log1p+robust,KMeans,"{'init': 'k-means++', 'max_iter': 300, 'n_clusters': 5, 'n_init': 10, 'tol': 0.001}",5,0.5895531060906146,0.6603103724493213,True,5
log1p+robust,KMeans,"{'init': 'k-means++', 'max_iter': 300, 'n_clusters': 5, 'n_init': 20, 'tol': 0.001}",5,0.5895531060906146,0.6603103724493213,True,5
log1p+robust,KMeans,"{'init': 'k-means++', 'max_iter': 500, 'n_clusters': 5, 'n_init': 10, 'tol': 0.001}",5,0.5895531060906146,0.6603103724493213,True,5
log1p+robust,KMeans,"{'init': 'k-means++', 'max_iter': 500, 'n_clusters': 5, 'n_init': 20, 'tol': 0.001}",5,0.5895531060906146,0.6603103724493213,True,5
log1p+robust,MiniBatchKMeans,"{'batch_size': 3072, 'init': 'k-means++', 'max_iter': 300, 'max_no_improvement': 10, 'n_clusters': 5, 'n_init': 20, 'tol': 0.001}",5,0.5894224355225209,0.6628996957308537,True,5
log1p+robust,MiniBatchKMeans,"{'batch_size': 3072, 'init': 'k-means++', 'max_iter': 300, 'max_no_improvement': 20, 'n_clusters': 5, 'n_init': 20, 'tol': 0.001}",5,0.5894224355225209,0.6628996957308537,True,5
log1p+robust,MiniBatchKMeans,"{'batch_size': 3072, 'init': 'k-means++', 'max_iter': 500, 'max_no_improvement': 10, 'n_clusters': 5, 'n_init': 20, 'tol': 0.001}",5,0.5894224355225209,0.6628996957308537,True,5
log1p+robust,MiniBatchKMeans,"{'batch_size': 3072, 'init': 'k-means++', 'max_iter': 500, 'max_no_improvement': 20, 'n_clusters': 5, 'n_init': 20, 'tol': 0.001}",5,0.5894224355225209,0.6628996957308537,True,5
log1p+robust,MiniBatchKMeans,"{'batch_size': 3072, 'init': 'k-means++', 'max_iter': 300, 'max_no_improvement': 20, 'n_clusters': 5, 'n_init': 10, 'tol': 0.0}",5,0.5892846382812038,0.6635835979267736,True,5
log1p+robust,MiniBatchKMeans,"{'batch_size': 3072, 'init': 'k-means++', 'max_iter': 500, 'max_no_improvement': 20, 'n_clusters': 5, 'n_init': 10, 'tol': 0.0}",5,0.5892846382812038,0.6635835979267736,True,5
log1p+robust,MiniBatchKMeans,"{'batch_size': 3072, 'init': 'k-means++', 'max_iter': 300, 'max_no_improvement': 10, 'n_clusters': 5, 'n_init': 10, 'tol': 0.0}",5,0.588748029819675,0.6646257746506914,True,5
log1p+robust,MiniBatchKMeans,"{'batch_size': 3072, 'init': 'k-means++', 'max_iter': 500, 'max_no_improvement': 10, 'n_clusters': 5, 'n_init': 10, 'tol': 0.0}",5,0.588748029819675,0.6646257746506914,True,5
log1p+robust,MiniBatchKMeans,"{'batch_size': 3072, 'init': 'k-means++', 'max_iter': 300, 'max_no_improvement': 10, 'n_clusters': 5, 'n_init': 10, 'tol': 0.001}",5,0.5883531164086283,0.6653200251160736,True,5
log1p+robust,MiniBatchKMeans,"{'batch_size': 3072, 'init': 'k-means++', 'max_iter': 300, 'max_no_improvement': 20, 'n_clusters': 5, 'n_init': 10, 'tol': 0.001}",5,0.5883531164086283,0.6653200251160736,True,5
log1p+robust,MiniBatchKMeans,"{'batch_size': 3072, 'init': 'k-means++', 'max_iter': 500, 'max_no_improvement': 10, 'n_clusters': 5, 'n_init': 10, 'tol': 0.001}",5,0.5883531164086283,0.6653200251160736,True,5
log1p+robust,MiniBatchKMeans,"{'batch_size': 3072, 'init': 'k-means++', 'max_iter': 500, 'max_no_improvement': 20, 'n_clusters': 5, 'n_init': 10, 'tol': 0.001}",5,0.5883531164086283,0.6653200251160736,True,5
log1p+robust,MiniBatchKMeans,"{'batch_size': 3072, 'init': 'random', 'max_iter': 300, 'max_no_improvement': 10, 'n_clusters': 7, 'n_init': 20, 'tol': 0.0}",7,0.5820085719156778,0.5906159332016442,True,7
log1p+robust,MiniBatchKMeans,"{'batch_size': 3072, 'init': 'random', 'max_iter': 300, 'max_no_improvement': 10, 'n_clusters': 7, 'n_init': 20, 'tol': 0.001}",7,0.5820085719156778,0.5906159332016442,True,7
log1p+robust,MiniBatchKMeans,"{'batch_size': 3072, 'init': 'random', 'max_iter': 500, 'max_no_improvement': 10, 'n_clusters': 7, 'n_init': 20, 'tol': 0.0}",7,0.5820085719156778,0.5906159332016442,True,7
log1p+robust,MiniBatchKMeans,"{'batch_size': 3072, 'init': 'random', 'max_iter': 500, 'max_no_improvement': 10, 'n_clusters': 7, 'n_init': 20, 'tol': 0.001}",7,0.5820085719156778,0.5906159332016442,True,7
log1p+robust,MiniBatchKMeans,"{'batch_size': 3072, 'init': 'random', 'max_iter': 300, 'max_no_improvement': 20, 'n_clusters': 7, 'n_init': 20, 'tol': 0.001}",7,0.581976947590325,0.5905888639300596,True,7
log1p+robust,MiniBatchKMeans,"{'batch_size': 3072, 'init': 'random', 'max_iter': 500, 'max_no_improvement': 20, 'n_clusters': 7, 'n_init': 20, 'tol': 0.001}",7,0.581976947590325,0.5905888639300596,True,7
log1p+robust,KMeans,"{'init': 'random', 'max_iter': 300, 'n_clusters': 7, 'n_init': 20, 'tol': 0.001}",7,0.5818664257755867,0.7227355149408315,True,7
log1p+robust,KMeans,"{'init': 'random', 'max_iter': 500, 'n_clusters': 7, 'n_init': 20, 'tol': 0.001}",7,0.5818664257755867,0.7227355149408315,True,7
log1p+robust,KMeans,"{'init': 'k-means++', 'max_iter': 300, 'n_clusters': 7, 'n_init': 10, 'tol': 0.001}",7,0.5818440187580858,0.722889790971578,True,7
log1p+robust,KMeans,"{'init': 'k-means++', 'max_iter': 500, 'n_clusters': 7, 'n_init': 10, 'tol': 0.001}",7,0.5818440187580858,0.722889790971578,True,7
log1p+robust,KMeans,"{'init': 'k-means++', 'max_iter': 300, 'n_clusters': 7, 'n_init': 20, 'tol': 0.0001}",7,0.5818418917600588,0.7228344987232703,True,7
log1p+robust,KMeans,"{'init': 'k-means++', 'max_iter': 300, 'n_clusters': 7, 'n_init': 20, 'tol': 0.001}",7,0.5818418917600588,0.7228344987232703,True,7
log1p+robust,KMeans,"{'init': 'k-means++', 'max_iter': 500, 'n_clusters': 7, 'n_init': 20, 'tol': 0.0001}",7,0.5818418917600588,0.7228344987232703,True,7
log1p+robust,KMeans,"{'init': 'k-means++', 'max_iter': 500, 'n_clusters': 7, 'n_init': 20, 'tol': 0.001}",7,0.5818418917600588,0.7228344987232703,True,7
log1p+robust,KMeans,"{'init': 'k-means++', 'max_iter': 300, 'n_clusters': 7, 'n_init': 10, 'tol': 0.0001}",7,0.5818233066336667,0.7228331957770041,True,7
log1p+robust,KMeans,"{'init': 'k-means++', 'max_iter': 500, 'n_clusters': 7, 'n_init': 10, 'tol': 0.0001}",7,0.5818233066336667,0.7228331957770041,True,7
log1p+robust,KMeans,"{'init': 'random', 'max_iter': 300, 'n_clusters': 7, 'n_init': 20, 'tol': 0.0001}",7,0.5818172795218938,0.7223864869559442,True,7
log1p+robust,KMeans,"{'init': 'random', 'max_iter': 500, 'n_clusters': 7, 'n_init': 20, 'tol': 0.0001}",7,0.5818172795218938,0.7223864869559442,True,7
log1p+robust,MiniBatchKMeans,"{'batch_size': 3072, 'init': 'random', 'max_iter': 300, 'max_no_improvement': 20, 'n_clusters': 7, 'n_init': 20, 'tol': 0.0}",7,0.5786223872800095,0.5915319191463372,True,7
log1p+robust,MiniBatchKMeans,"{'batch_size': 3072, 'init': 'random', 'max_iter': 500, 'max_no_improvement': 20, 'n_clusters': 7, 'n_init': 20, 'tol': 0.0}",7,0.5786223872800095,0.5915319191463372,True,7
log1p+robust,MiniBatchKMeans,"{'batch_size': 3072, 'init': 'k-means++', 'max_iter': 300, 'max_no_improvement': 20, 'n_clusters': 6, 'n_init': 10, 'tol': 0.0}",6,0.5768683537173448,0.7462374131520507,True,6
log1p+robust,MiniBatchKMeans,"{'batch_size': 3072, 'init': 'k-means++', 'max_iter': 500, 'max_no_improvement': 20, 'n_clusters': 6, 'n_init': 10, 'tol': 0.0}",6,0.5768683537173448,0.7462374131520507,True,6
log1p+robust,MiniBatchKMeans,"{'batch_size': 3072, 'init': 'k-means++', 'max_iter': 300, 'max_no_improvement': 10, 'n_clusters': 6, 'n_init': 10, 'tol': 0.0}",6,0.5768547739666162,0.7464159590810636,True,6
log1p+robust,MiniBatchKMeans,"{'batch_size': 3072, 'init': 'k-means++', 'max_iter': 500, 'max_no_improvement': 10, 'n_clusters': 6, 'n_init': 10, 'tol': 0.0}",6,0.5768547739666162,0.7464159590810636,True,6
log1p+robust,MiniBatchKMeans,"{'batch_size': 3072, 'init': 'random', 'max_iter': 300, 'max_no_improvement': 20, 'n_clusters': 4, 'n_init': 10, 'tol': 0.0}",4,0.5763966642583807,0.6762595762162135,True,4
log1p+robust,MiniBatchKMeans,"{'batch_size': 3072, 'init': 'random', 'max_iter': 500, 'max_no_improvement': 20, 'n_clusters': 4, 'n_init': 10, 'tol': 0.0}",4,0.5763966642583807,0.6762595762162135,True,4
log1p+robust,MiniBatchKMeans,"{'batch_size': 3072, 'init': 'k-means++', 'max_iter': 300, 'max_no_improvement': 10, 'n_clusters': 6, 'n_init': 10, 'tol': 0.001}",6,0.576051811855696,0.7528756331596282,True,6
log1p+robust,MiniBatchKMeans,"{'batch_size': 3072, 'init': 'k-means++', 'max_iter': 300, 'max_no_improvement': 20, 'n_clusters': 6, 'n_init': 10, 'tol': 0.001}",6,0.576051811855696,0.7528756331596282,True,6
log1p+robust,MiniBatchKMeans,"{'batch_size': 3072, 'init': 'k-means++', 'max_iter': 500, 'max_no_improvement': 10, 'n_clusters': 6, 'n_init': 10, 'tol': 0.001}",6,0.576051811855696,0.7528756331596282,True,6
log1p+robust,MiniBatchKMeans,"{'batch_size': 3072, 'init': 'k-means++', 'max_iter': 500, 'max_no_improvement': 20, 'n_clusters': 6, 'n_init': 10, 'tol': 0.001}",6,0.576051811855696,0.7528756331596282,True,6
log1p+robust,MiniBatchKMeans,"{'batch_size': 3072, 'init': 'k-means++', 'max_iter': 300, 'max_no_improvement': 20, 'n_clusters': 6, 'n_init': 20, 'tol': 0.0}",6,0.5756291941886517,0.730035918169594,True,6
log1p+robust,MiniBatchKMeans,"{'batch_size': 3072, 'init': 'k-means++', 'max_iter': 500, 'max_no_improvement': 20, 'n_clusters': 6, 'n_init': 20, 'tol': 0.0}",6,0.5756291941886517,0.730035918169594,True,6
log1p+robust,MiniBatchKMeans,"{'batch_size': 3072, 'init': 'k-means++', 'max_iter': 300, 'max_no_improvement': 10, 'n_clusters': 6, 'n_init': 20, 'tol': 0.0}",6,0.575460025709213,0.7294861286634284,True,6
log1p+robust,MiniBatchKMeans,"{'batch_size': 3072, 'init': 'k-means++', 'max_iter': 500, 'max_no_improvement': 10, 'n_clusters': 6, 'n_init': 20, 'tol': 0.0}",6,0.575460025709213,0.7294861286634284,True,6
log1p+robust,MiniBatchKMeans,"{'batch_size': 3072, 'init': 'k-means++', 'max_iter': 300, 'max_no_improvement': 10, 'n_clusters': 6, 'n_init': 20, 'tol': 0.001}",6,0.5753542063835834,0.7289932726661376,True,6
log1p+robust,MiniBatchKMeans,"{'batch_size': 3072, 'init': 'k-means++', 'max_iter': 300, 'max_no_improvement': 20, 'n_clusters': 6, 'n_init': 20, 'tol': 0.001}",6,0.5753542063835834,0.7289932726661376,True,6
log1p+robust,MiniBatchKMeans,"{'batch_size': 3072, 'init': 'k-means++', 'max_iter': 500, 'max_no_improvement': 10, 'n_clusters': 6, 'n_init': 20, 'tol': 0.001}",6,0.5753542063835834,0.7289932726661376,True,6
log1p+robust,MiniBatchKMeans,"{'batch_size': 3072, 'init': 'k-means++', 'max_iter': 500, 'max_no_improvement': 20, 'n_clusters': 6, 'n_init': 20, 'tol': 0.001}",6,0.5753542063835834,0.7289932726661376,True,6
log1p+robust,MiniBatchKMeans,"{'batch_size': 3072, 'init': 'random', 'max_iter': 300, 'max_no_improvement': 10, 'n_clusters': 5, 'n_init': 20, 'tol': 0.001}",5,0.5693716010092669,0.6569697057707814,True,5
log1p+robust,MiniBatchKMeans,"{'batch_size': 3072, 'init': 'random', 'max_iter': 300, 'max_no_improvement': 20, 'n_clusters': 5, 'n_init': 20, 'tol': 0.001}",5,0.5693716010092669,0.6569697057707814,True,5
log1p+robust,MiniBatchKMeans,"{'batch_size': 3072, 'init': 'random', 'max_iter': 500, 'max_no_improvement': 10, 'n_clusters': 5, 'n_init': 20, 'tol': 0.001}",5,0.5693716010092669,0.6569697057707814,True,5
log1p+robust,MiniBatchKMeans,"{'batch_size': 3072, 'init': 'random', 'max_iter': 500, 'max_no_improvement': 20, 'n_clusters': 5, 'n_init': 20, 'tol': 0.001}",5,0.5693716010092669,0.6569697057707814,True,5
log1p+robust,MiniBatchKMeans,"{'batch_size': 3072, 'init': 'random', 'max_iter': 300, 'max_no_improvement': 10, 'n_clusters': 5, 'n_init': 20, 'tol': 0.0}",5,0.568939593532152,0.6582878576706157,True,5
log1p+robust,MiniBatchKMeans,"{'batch_size': 3072, 'init': 'random', 'max_iter': 500, 'max_no_improvement': 10, 'n_clusters': 5, 'n_init': 20, 'tol': 0.0}",5,0.568939593532152,0.6582878576706157,True,5
log1p+robust,MiniBatchKMeans,"{'batch_size': 3072, 'init': 'random', 'max_iter': 300, 'max_no_improvement': 20, 'n_clusters': 5, 'n_init': 20, 'tol': 0.0}",5,0.5689027625314341,0.6582982322829853,True,5
log1p+robust,MiniBatchKMeans,"{'batch_size': 3072, 'init': 'random', 'max_iter': 500, 'max_no_improvement': 20, 'n_clusters': 5, 'n_init': 20, 'tol': 0.0}",5,0.5689027625314341,0.6582982322829853,True,5
log1p+robust,MiniBatchKMeans,"{'batch_size': 3072, 'init': 'random', 'max_iter': 300, 'max_no_improvement': 10, 'n_clusters': 5, 'n_init': 10, 'tol': 0.001}",5,0.5687882777696145,0.6580887822011183,True,5
log1p+robust,MiniBatchKMeans,"{'batch_size': 3072, 'init': 'random', 'max_iter': 300, 'max_no_improvement': 20, 'n_clusters': 5, 'n_init': 10, 'tol': 0.001}",5,0.5687882777696145,0.6580887822011183,True,5
log1p+robust,MiniBatchKMeans,"{'batch_size': 3072, 'init': 'random', 'max_iter': 500, 'max_no_improvement': 10, 'n_clusters': 5, 'n_init': 10, 'tol': 0.001}",5,0.5687882777696145,0.6580887822011183,True,5
log1p+robust,MiniBatchKMeans,"{'batch_size': 3072, 'init': 'random', 'max_iter': 500, 'max_no_improvement': 20, 'n_clusters': 5, 'n_init': 10, 'tol': 0.001}",5,0.5687882777696145,0.6580887822011183,True,5
log1p+robust,MiniBatchKMeans,"{'batch_size': 3072, 'init': 'random', 'max_iter': 300, 'max_no_improvement': 10, 'n_clusters': 5, 'n_init': 10, 'tol': 0.0}",5,0.5678734116561328,0.6600210009889357,True,5
log1p+robust,MiniBatchKMeans,"{'batch_size': 3072, 'init': 'random', 'max_iter': 500, 'max_no_improvement': 10, 'n_clusters': 5, 'n_init': 10, 'tol': 0.0}",5,0.5678734116561328,0.6600210009889357,True,5
log1p+robust,MiniBatchKMeans,"{'batch_size': 3072, 'init': 'random', 'max_iter': 300, 'max_no_improvement': 20, 'n_clusters': 5, 'n_init': 10, 'tol': 0.0}",5,0.5678663511139311,0.6600376082042109,True,5
log1p+robust,MiniBatchKMeans,"{'batch_size': 3072, 'init': 'random', 'max_iter': 500, 'max_no_improvement': 20, 'n_clusters': 5, 'n_init': 10, 'tol': 0.0}",5,0.5678663511139311,0.6600376082042109,True,5
log1p+robust,MiniBatchKMeans,"{'batch_size': 3072, 'init': 'k-means++', 'max_iter': 300, 'max_no_improvement': 20, 'n_clusters': 7, 'n_init': 20, 'tol': 0.0}",7,0.5605270531650763,0.7286233695408411,True,7
log1p+robust,MiniBatchKMeans,"{'batch_size': 3072, 'init': 'k-means++', 'max_iter': 500, 'max_no_improvement': 20, 'n_clusters': 7, 'n_init': 20, 'tol': 0.0}",7,0.5605270531650763,0.7286233695408411,True,7
log1p+robust,MiniBatchKMeans,"{'batch_size': 3072, 'init': 'k-means++', 'max_iter': 300, 'max_no_improvement': 10, 'n_clusters': 7, 'n_init': 20, 'tol': 0.0}",7,0.5605137015618503,0.7287389453789208,True,7
log1p+robust,MiniBatchKMeans,"{'batch_size': 3072, 'init': 'k-means++', 'max_iter': 500, 'max_no_improvement': 10, 'n_clusters': 7, 'n_init': 20, 'tol': 0.0}",7,0.5605137015618503,0.7287389453789208,True,7
log1p+robust,MiniBatchKMeans,"{'batch_size': 3072, 'init': 'k-means++', 'max_iter': 300, 'max_no_improvement': 10, 'n_clusters': 7, 'n_init': 20, 'tol': 0.001}",7,0.5599775876412133,0.7303709666249036,True,7
log1p+robust,MiniBatchKMeans,"{'batch_size': 3072, 'init': 'k-means++', 'max_iter': 300, 'max_no_improvement': 20, 'n_clusters': 7, 'n_init': 20, 'tol': 0.001}",7,0.5599775876412133,0.7303709666249036,True,7
log1p+robust,MiniBatchKMeans,"{'batch_size': 3072, 'init': 'k-means++', 'max_iter': 500, 'max_no_improvement': 10, 'n_clusters': 7, 'n_init': 20, 'tol': 0.001}",7,0.5599775876412133,0.7303709666249036,True,7
log1p+robust,MiniBatchKMeans,"{'batch_size': 3072, 'init': 'k-means++', 'max_iter': 500, 'max_no_improvement': 20, 'n_clusters': 7, 'n_init': 20, 'tol': 0.001}",7,0.5599775876412133,0.7303709666249036,True,7
log1p+robust,MiniBatchKMeans,"{'batch_size': 3072, 'init': 'random', 'max_iter': 300, 'max_no_improvement': 10, 'n_clusters': 4, 'n_init': 10, 'tol': 0.001}",4,0.5554689716520719,0.6658414009159329,True,4
log1p+robust,MiniBatchKMeans,"{'batch_size': 3072, 'init': 'random', 'max_iter': 300, 'max_no_improvement': 20, 'n_clusters': 4, 'n_init': 10, 'tol': 0.001}",4,0.5554689716520719,0.6658414009159329,True,4
log1p+robust,MiniBatchKMeans,"{'batch_size': 3072, 'init': 'random', 'max_iter': 500, 'max_no_improvement': 10, 'n_clusters': 4, 'n_init': 10, 'tol': 0.001}",4,0.5554689716520719,0.6658414009159329,True,4
log1p+robust,MiniBatchKMeans,"{'batch_size': 3072, 'init': 'random', 'max_iter': 500, 'max_no_improvement': 20, 'n_clusters': 4, 'n_init': 10, 'tol': 0.001}",4,0.5554689716520719,0.6658414009159329,True,4
log1p+robust,MiniBatchKMeans,"{'batch_size': 3072, 'init': 'random', 'max_iter': 300, 'max_no_improvement': 10, 'n_clusters': 4, 'n_init': 10, 'tol': 0.0}",4,0.5551033297473168,0.6740355290063743,True,4
log1p+robust,MiniBatchKMeans,"{'batch_size': 3072, 'init': 'random', 'max_iter': 500, 'max_no_improvement': 10, 'n_clusters': 4, 'n_init': 10, 'tol': 0.0}",4,0.5551033297473168,0.6740355290063743,True,4
log1p+robust,MiniBatchKMeans,"{'batch_size': 3072, 'init': 'k-means++', 'max_iter': 300, 'max_no_improvement': 20, 'n_clusters': 7, 'n_init': 10, 'tol': 0.0}",7,0.5462632583336997,0.7077397931571304,True,7
log1p+robust,MiniBatchKMeans,"{'batch_size': 3072, 'init': 'k-means++', 'max_iter': 500, 'max_no_improvement': 20, 'n_clusters': 7, 'n_init': 10, 'tol': 0.0}",7,0.5462632583336997,0.7077397931571304,True,7
log1p+robust,MiniBatchKMeans,"{'batch_size': 3072, 'init': 'k-means++', 'max_iter': 300, 'max_no_improvement': 10, 'n_clusters': 7, 'n_init': 10, 'tol': 0.0}",7,0.5460543680274461,0.7058320419017036,True,7
log1p+robust,MiniBatchKMeans,"{'batch_size': 3072, 'init': 'k-means++', 'max_iter': 500, 'max_no_improvement': 10, 'n_clusters': 7, 'n_init': 10, 'tol': 0.0}",7,0.5460543680274461,0.7058320419017036,True,7
log1p+robust,MiniBatchKMeans,"{'batch_size': 3072, 'init': 'k-means++', 'max_iter': 300, 'max_no_improvement': 10, 'n_clusters': 7, 'n_init': 10, 'tol': 0.001}",7,0.5460315848379644,0.7057679883916627,True,7
log1p+robust,MiniBatchKMeans,"{'batch_size': 3072, 'init': 'k-means++', 'max_iter': 300, 'max_no_improvement': 20, 'n_clusters': 7, 'n_init': 10, 'tol': 0.001}",7,0.5460315848379644,0.7057679883916627,True,7
log1p+robust,MiniBatchKMeans,"{'batch_size': 3072, 'init': 'k-means++', 'max_iter': 500, 'max_no_improvement': 10, 'n_clusters': 7, 'n_init': 10, 'tol': 0.001}",7,0.5460315848379644,0.7057679883916627,True,7
log1p+robust,MiniBatchKMeans,"{'batch_size': 3072, 'init': 'k-means++', 'max_iter': 500, 'max_no_improvement': 20, 'n_clusters': 7, 'n_init': 10, 'tol': 0.001}",7,0.5460315848379644,0.7057679883916627,True,7
log1p+robust,MiniBatchKMeans,"{'batch_size': 3072, 'init': 'random', 'max_iter': 300, 'max_no_improvement': 10, 'n_clusters': 6, 'n_init': 20, 'tol': 0.001}",6,0.5134311143749307,0.6999363267156999,True,6
log1p+robust,MiniBatchKMeans,"{'batch_size': 3072, 'init': 'random', 'max_iter': 300, 'max_no_improvement': 20, 'n_clusters': 6, 'n_init': 20, 'tol': 0.001}",6,0.5134311143749307,0.6999363267156999,True,6
log1p+robust,MiniBatchKMeans,"{'batch_size': 3072, 'init': 'random', 'max_iter': 500, 'max_no_improvement': 10, 'n_clusters': 6, 'n_init': 20, 'tol': 0.001}",6,0.5134311143749307,0.6999363267156999,True,6
log1p+robust,MiniBatchKMeans,"{'batch_size': 3072, 'init': 'random', 'max_iter': 500, 'max_no_improvement': 20, 'n_clusters': 6, 'n_init': 20, 'tol': 0.001}",6,0.5134311143749307,0.6999363267156999,True,6
log1p+robust,MiniBatchKMeans,"{'batch_size': 3072, 'init': 'random', 'max_iter': 300, 'max_no_improvement': 10, 'n_clusters': 6, 'n_init': 10, 'tol': 0.001}",6,0.5114815423438177,0.7010019188507526,True,6
log1p+robust,MiniBatchKMeans,"{'batch_size': 3072, 'init': 'random', 'max_iter': 300, 'max_no_improvement': 20, 'n_clusters': 6, 'n_init': 10, 'tol': 0.001}",6,0.5114815423438177,0.7010019188507526,True,6
log1p+robust,MiniBatchKMeans,"{'batch_size': 3072, 'init': 'random', 'max_iter': 500, 'max_no_improvement': 10, 'n_clusters': 6, 'n_init': 10, 'tol': 0.001}",6,0.5114815423438177,0.7010019188507526,True,6
log1p+robust,MiniBatchKMeans,"{'batch_size': 3072, 'init': 'random', 'max_iter': 500, 'max_no_improvement': 20, 'n_clusters': 6, 'n_init': 10, 'tol': 0.001}",6,0.5114815423438177,0.7010019188507526,True,6
log1p+robust,MiniBatchKMeans,"{'batch_size': 3072, 'init': 'random', 'max_iter': 300, 'max_no_improvement': 10, 'n_clusters': 6, 'n_init': 10, 'tol': 0.0}",6,0.5114633368682284,0.7010421018649252,True,6
log1p+robust,MiniBatchKMeans,"{'batch_size': 3072, 'init': 'random', 'max_iter': 500, 'max_no_improvement': 10, 'n_clusters': 6, 'n_init': 10, 'tol': 0.0}",6,0.5114633368682284,0.7010421018649252,True,6
log1p+robust,MiniBatchKMeans,"{'batch_size': 3072, 'init': 'random', 'max_iter': 300, 'max_no_improvement': 10, 'n_clusters': 6, 'n_init': 20, 'tol': 0.0}",6,0.5098909038280927,0.7019116590563207,True,6
log1p+robust,MiniBatchKMeans,"{'batch_size': 3072, 'init': 'random', 'max_iter': 500, 'max_no_improvement': 10, 'n_clusters': 6, 'n_init': 20, 'tol': 0.0}",6,0.5098909038280927,0.7019116590563207,True,6
log1p+robust,MiniBatchKMeans,"{'batch_size': 3072, 'init': 'random', 'max_iter': 300, 'max_no_improvement': 20, 'n_clusters': 6, 'n_init': 10, 'tol': 0.0}",6,0.5097751259864955,0.7019978396833387,True,6
log1p+robust,MiniBatchKMeans,"{'batch_size': 3072, 'init': 'random', 'max_iter': 500, 'max_no_improvement': 20, 'n_clusters': 6, 'n_init': 10, 'tol': 0.0}",6,0.5097751259864955,0.7019978396833387,True,6
log1p+robust,MiniBatchKMeans,"{'batch_size': 3072, 'init': 'random', 'max_iter': 300, 'max_no_improvement': 20, 'n_clusters': 6, 'n_init': 20, 'tol': 0.0}",6,0.5091392302095847,0.7025487272910667,True,6
log1p+robust,MiniBatchKMeans,"{'batch_size': 3072, 'init': 'random', 'max_iter': 500, 'max_no_improvement': 20, 'n_clusters': 6, 'n_init': 20, 'tol': 0.0}",6,0.5091392302095847,0.7025487272910667,True,6
log1p+robust,MiniBatchKMeans,"{'batch_size': 3072, 'init': 'random', 'max_iter': 300, 'max_no_improvement': 20, 'n_clusters': 7, 'n_init': 10, 'tol': 0.0}",7,0.47845795538622365,0.7726207393213115,True,7
log1p+robust,MiniBatchKMeans,"{'batch_size': 3072, 'init': 'random', 'max_iter': 500, 'max_no_improvement': 20, 'n_clusters': 7, 'n_init': 10, 'tol': 0.0}",7,0.47845795538622365,0.7726207393213115,True,7
log1p+robust,MiniBatchKMeans,"{'batch_size': 3072, 'init': 'random', 'max_iter': 300, 'max_no_improvement': 10, 'n_clusters': 7, 'n_init': 10, 'tol': 0.0}",7,0.47765104645114304,0.7721341140833603,True,7
log1p+robust,MiniBatchKMeans,"{'batch_size': 3072, 'init': 'random', 'max_iter': 500, 'max_no_improvement': 10, 'n_clusters': 7, 'n_init': 10, 'tol': 0.0}",7,0.47765104645114304,0.7721341140833603,True,7
log1p+robust,MiniBatchKMeans,"{'batch_size': 3072, 'init': 'random', 'max_iter': 300, 'max_no_improvement': 10, 'n_clusters': 7, 'n_init': 10, 'tol': 0.001}",7,0.47633222690668603,0.7721486764623735,True,7
log1p+robust,MiniBatchKMeans,"{'batch_size': 3072, 'init': 'random', 'max_iter': 300, 'max_no_improvement': 20, 'n_clusters': 7, 'n_init': 10, 'tol': 0.001}",7,0.47633222690668603,0.7721486764623735,True,7
log1p+robust,MiniBatchKMeans,"{'batch_size': 3072, 'init': 'random', 'max_iter': 500, 'max_no_improvement': 10, 'n_clusters': 7, 'n_init': 10, 'tol': 0.001}",7,0.47633222690668603,0.7721486764623735,True,7
log1p+robust,MiniBatchKMeans,"{'batch_size': 3072, 'init': 'random', 'max_iter': 500, 'max_no_improvement': 20, 'n_clusters': 7, 'n_init': 10, 'tol': 0.001}",7,0.47633222690668603,0.7721486764623735,True,7
